NOV;Novgorod;;;;;;;;;;;;;;x;;;;;;;;;;;;;;
NOV_ADJ;Novgorodian;;;;;;;;;;;;;;x;;;;;;;;;;;;;;
NOV_conservative;fill;;;;;;;;;;;;;;x;;;;;;;;;;;;;;
NOV_liberal;fill;;;;;;;;;;;;;;x;;;;;;;;;;;;;;
NOV_reactionary;fill;;;;;;;;;;;;;;x;;;;;;;;;;;;;;
NOV_anarcho_liberal;fill;;;;;;;;;;;;;;x;;;;;;;;;;;;;;
NOV_socialist;fill;;;;;;;;;;;;;;x;;;;;;;;;;;;;;
NOV_communist;fill;;;;;;;;;;;;;;x;;;;;;;;;;;;;;
NOV_fascist;fill;;;;;;;;;;;;;;x;;;;;;;;;;;;;;
SMK;Smolensk;;;;;;;;;;;;;;x;;;;;;;;;;;;;;
SMK_ADJ;Smolenskian;;;;;;;;;;;;;;x;;;;;;;;;;;;;;
SMK_conservative;fill;;;;;;;;;;;;;;x;;;;;;;;;;;;;;
SMK_liberal;fill;;;;;;;;;;;;;;x;;;;;;;;;;;;;;
SMK_reactionary;fill;;;;;;;;;;;;;;x;;;;;;;;;;;;;;
SMK_anarcho_liberal;fill;;;;;;;;;;;;;;x;;;;;;;;;;;;;;
SMK_socialist;fill;;;;;;;;;;;;;;x;;;;;;;;;;;;;;
SMK_communist;fill;;;;;;;;;;;;;;x;;;;;;;;;;;;;;
SMK_fascist;fill;;;;;;;;;;;;;;x;;;;;;;;;;;;;;
RYA;Ryazan Cossacks;;;;;;;;;;;;;;x;;;;;;;;;;;;;;
RYA_ADJ;Ryazanian;;;;;;;;;;;;;;x;;;;;;;;;;;;;;
MUS;Muscowy;;;;;;;;;;;;;;x;;;;;;;;;;;;;;
MUS_ADJ;Muscowian;;;;;;;;;;;;;;x;;;;;;;;;;;;;;
MUS_conservative;fill;;;;;;;;;;;;;;x;;;;;;;;;;;;;;
MUS_liberal;fill;;;;;;;;;;;;;;x;;;;;;;;;;;;;;
MUS_reactionary;fill;;;;;;;;;;;;;;x;;;;;;;;;;;;;;
MUS_anarcho_liberal;fill;;;;;;;;;;;;;;x;;;;;;;;;;;;;;
MUS_socialist;fill;;;;;;;;;;;;;;x;;;;;;;;;;;;;;
MUS_communist;fill;;;;;;;;;;;;;;x;;;;;;;;;;;;;;
MUS_fascist;fill;;;;;;;;;;;;;;x;;;;;;;;;;;;;;
KRM;Karamanoghlu;;;;;;;;;;;;;;x;;;;;;;;;;;;;;
KRM_colonial_company;Karamanoghlu Beylerbek;;;;;;;;;;;;;;x;;;;;;;;;;;;;;
KRM_ADJ;Karamani;;;;;;;;;;;;;;x;;;;;;;;;;;;;;
KRM_conservative;fill;;;;;;;;;;;;;;x;;;;;;;;;;;;;;
KRM_liberal;fill;;;;;;;;;;;;;;x;;;;;;;;;;;;;;
KRM_reactionary;fill;;;;;;;;;;;;;;x;;;;;;;;;;;;;;
KRM_anarcho_liberal;fill;;;;;;;;;;;;;;x;;;;;;;;;;;;;;
KRM_socialist;fill;;;;;;;;;;;;;;x;;;;;;;;;;;;;;
KRM_communist;fill;;;;;;;;;;;;;;x;;;;;;;;;;;;;;
KRM_fascist;fill;;;;;;;;;;;;;;x;;;;;;;;;;;;;;
AKK;Aq Qoyunlu;;;;;;;;;;;;;;x;;;;;;;;;;;;;;
AKK_ADJ;Qoyunlu;;;;;;;;;;;;;;x;;;;;;;;;;;;;;
AKK_conservative;fill;;;;;;;;;;;;;;x;;;;;;;;;;;;;;
AKK_liberal;fill;;;;;;;;;;;;;;x;;;;;;;;;;;;;;
AKK_reactionary;fill;;;;;;;;;;;;;;x;;;;;;;;;;;;;;
AKK_anarcho_liberal;fill;;;;;;;;;;;;;;x;;;;;;;;;;;;;;
AKK_socialist;fill;;;;;;;;;;;;;;x;;;;;;;;;;;;;;
AKK_communist;fill;;;;;;;;;;;;;;x;;;;;;;;;;;;;;
AKK_fascist;fill;;;;;;;;;;;;;;x;;;;;;;;;;;;;;
TIM_absolute_monarchy;The Timurid Empire;;;;;;;;;;;;;;x;;;;;;;;;;;;;;
TIM_hms_government;The Timurid Empire;;;;;;;;;;;;x
TIM_prussian_monarchy;The Timurid Empire;;;;;;;;;;;;;;x;;;;;;;;;;;;;;
TIM;Timurids;;;;;;;;;;;;;;x;;;;;;;;;;;;;;
TIM_ADJ;Timurid;;;;;;;;;;;;;;x;;;;;;;;;;;;;;
TIM_conservative;fill;;;;;;;;;;;;;;x;;;;;;;;;;;;;;
TIM_liberal;fill;;;;;;;;;;;;;;x;;;;;;;;;;;;;;
TIM_reactionary;fill;;;;;;;;;;;;;;x;;;;;;;;;;;;;;
TIM_anarcho_liberal;fill;;;;;;;;;;;;;;x;;;;;;;;;;;;;;
TIM_socialist;fill;;;;;;;;;;;;;;x;;;;;;;;;;;;;;
TIM_communist;fill;;;;;;;;;;;;;;x;;;;;;;;;;;;;;
TIM_fascist;fill;;;;;;;;;;;;;;x;;;;;;;;;;;;;;
DUL;Dulkadiroghlu;;;;;;;;;;;;;;x;;;;;;;;;;;;;;
DUL_colonial_company;Dulkadiroghlu Beylerbek;;;;;;;;;;;;;;x;;;;;;;;;;;;;;
DUL_ADJ;Dulkadiri;;;;;;;;;;;;;;x;;;;;;;;;;;;;;
DUL_conservative;fill;;;;;;;;;;;;;;x;;;;;;;;;;;;;;
DUL_liberal;fill;;;;;;;;;;;;;;x;;;;;;;;;;;;;;
DUL_reactionary;fill;;;;;;;;;;;;;;x;;;;;;;;;;;;;;
DUL_anarcho_liberal;fill;;;;;;;;;;;;;;x;;;;;;;;;;;;;;
DUL_socialist;fill;;;;;;;;;;;;;;x;;;;;;;;;;;;;;
DUL_communist;fill;;;;;;;;;;;;;;x;;;;;;;;;;;;;;
DUL_fascist;fill;;;;;;;;;;;;;;x;;;;;;;;;;;;;;
CND;Isfendiyaroghlu;;;;;;;;;;;;;;x;;;;;;;;;;;;;;
CND_colonial_company;Isfendiyaroghlu Beylerbek;;;;;;;;;;;;;;x;;;;;;;;;;;;;;
CND_ADJ;Candari;;;;;;;;;;;;;;x;;;;;;;;;;;;;;
CND_conservative;fill;;;;;;;;;;;;;;x;;;;;;;;;;;;;;
CND_liberal;fill;;;;;;;;;;;;;;x;;;;;;;;;;;;;;
CND_reactionary;fill;;;;;;;;;;;;;;x;;;;;;;;;;;;;;
CND_anarcho_liberal;fill;;;;;;;;;;;;;;x;;;;;;;;;;;;;;
CND_socialist;fill;;;;;;;;;;;;;;x;;;;;;;;;;;;;;
CND_communist;fill;;;;;;;;;;;;;;x;;;;;;;;;;;;;;
CND_fascist;fill;;;;;;;;;;;;;;x;;;;;;;;;;;;;;
NRD;North Sea Empire;;;;;;;;;;;;;;x;;;;;;;;;;;;;;
NRD_ADJ;Anglo-Norse;;;;;;;;;;;;;;x;;;;;;;;;;;;;;
NRD_conservative;fill;;;;;;;;;;;;;;x;;;;;;;;;;;;;;
NRD_liberal;fill;;;;;;;;;;;;;;x;;;;;;;;;;;;;;
NRD_reactionary;fill;;;;;;;;;;;;;;x;;;;;;;;;;;;;;
NRD_anarcho_liberal;fill;;;;;;;;;;;;;;x;;;;;;;;;;;;;;
NRD_socialist;fill;;;;;;;;;;;;;;x;;;;;;;;;;;;;;
NRD_communist;fill;;;;;;;;;;;;;;x;;;;;;;;;;;;;;
NRD_fascist;fill;;;;;;;;;;;;;;x;;;;;;;;;;;;;;
ILL;Illinewek Confederation;;;;;;;;;;;;;;x;;;;;;;;;;;;;;
ILL_ADJ;Illinewekan;;;;;;;;;;;;;;x;;;;;;;;;;;;;;
ILL_conservative;fill;;;;;;;;;;;;;;x;;;;;;;;;;;;;;
ILL_liberal;fill;;;;;;;;;;;;;;x;;;;;;;;;;;;;;
ILL_reactionary;fill;;;;;;;;;;;;;;x;;;;;;;;;;;;;;
ILL_anarcho_liberal;fill;;;;;;;;;;;;;;x;;;;;;;;;;;;;;
ILL_socialist;fill;;;;;;;;;;;;;;x;;;;;;;;;;;;;;
ILL_communist;fill;;;;;;;;;;;;;;x;;;;;;;;;;;;;;
ILL_fascist;fill;;;;;;;;;;;;;;x;;;;;;;;;;;;;;
PLB;Polabia;;;;;;;;;;;;;;x;;;;;;;;;;;;;;
PLB_ADJ;Polabian;;;;;;;;;;;;;;x;;;;;;;;;;;;;;
MEC_conservative;fill;;;;;;;;;;;;;;x;;;;;;;;;;;;;;
MEC_liberal;fill;;;;;;;;;;;;;;x;;;;;;;;;;;;;;
MEC_reactionary;fill;;;;;;;;;;;;;;x;;;;;;;;;;;;;;
MEC_anarcho_liberal;fill;;;;;;;;;;;;;;x;;;;;;;;;;;;;;
MEC_socialist;fill;;;;;;;;;;;;;;x;;;;;;;;;;;;;;
MEC_communist;fill;;;;;;;;;;;;;;x;;;;;;;;;;;;;;
MEC_fascist;fill;;;;;;;;;;;;;;x;;;;;;;;;;;;;;
LIR;Lordship of Ireland;;;;;;;;;;;;;;x;;;;;;;;;;;;;;
LIR_colonial_company;Lordship of Ireland;;;;;;;;;;;;;;x;;;;;;;;;;;;;;
LIR_ADJ;Irish;;;;;;;;;;;;;;x;;;;;;;;;;;;;;
LIR_conservative;fill;;;;;;;;;;;;;;x;;;;;;;;;;;;;;
LIR_liberal;fill;;;;;;;;;;;;;;x;;;;;;;;;;;;;;
LIR_reactionary;fill;;;;;;;;;;;;;;x;;;;;;;;;;;;;;
LIR_anarcho_liberal;fill;;;;;;;;;;;;;;x;;;;;;;;;;;;;;
LIR_socialist;fill;;;;;;;;;;;;;;x;;;;;;;;;;;;;;
LIR_communist;fill;;;;;;;;;;;;;;x;;;;;;;;;;;;;;
LIR_fascist;fill;;;;;;;;;;;;;;x;;;;;;;;;;;;;;
SLN;Sligo;;;;;;;;;;;;;;x;;;;;;;;;;;;;;
SLN_ADJ;Irish;;;;;;;;;;;;;;x;;;;;;;;;;;;;;
SLN_conservative;fill;;;;;;;;;;;;;;x;;;;;;;;;;;;;;
SLN_liberal;fill;;;;;;;;;;;;;;x;;;;;;;;;;;;;;
SLN_reactionary;fill;;;;;;;;;;;;;;x;;;;;;;;;;;;;;
SLN_anarcho_liberal;fill;;;;;;;;;;;;;;x;;;;;;;;;;;;;;
SLN_socialist;fill;;;;;;;;;;;;;;x;;;;;;;;;;;;;;
SLN_communist;fill;;;;;;;;;;;;;;x;;;;;;;;;;;;;;
SLN_fascist;fill;;;;;;;;;;;;;;x;;;;;;;;;;;;;;
MNS;Munster;;;;;;;;;;;;;;x;;;;;;;;;;;;;;
MNS_ADJ;Irish;;;;;;;;;;;;;;x;;;;;;;;;;;;;;
MNS_conservative;fill;;;;;;;;;;;;;;x;;;;;;;;;;;;;;
MNS_liberal;fill;;;;;;;;;;;;;;x;;;;;;;;;;;;;;
MNS_reactionary;fill;;;;;;;;;;;;;;x;;;;;;;;;;;;;;
MNS_anarcho_liberal;fill;;;;;;;;;;;;;;x;;;;;;;;;;;;;;
MNS_socialist;fill;;;;;;;;;;;;;;x;;;;;;;;;;;;;;
MNS_communist;fill;;;;;;;;;;;;;;x;;;;;;;;;;;;;;
MNS_fascist;fill;;;;;;;;;;;;;;x;;;;;;;;;;;;;;
ULS;Ulster;;;;;;;;;;;;;;x;;;;;;;;;;;;;;
ULS_ADJ;Irish;;;;;;;;;;;;;;x;;;;;;;;;;;;;;
ULS_conservative;fill;;;;;;;;;;;;;;x;;;;;;;;;;;;;;
ULS_liberal;fill;;;;;;;;;;;;;;x;;;;;;;;;;;;;;
ULS_reactionary;fill;;;;;;;;;;;;;;x;;;;;;;;;;;;;;
ULS_anarcho_liberal;fill;;;;;;;;;;;;;;x;;;;;;;;;;;;;;
ULS_socialist;fill;;;;;;;;;;;;;;x;;;;;;;;;;;;;;
ULS_communist;fill;;;;;;;;;;;;;;x;;;;;;;;;;;;;;
ULS_fascist;fill;;;;;;;;;;;;;;x;;;;;;;;;;;;;;
FDA;Fédération d'Sallie;;;;;;;;;;;;;;x;;;;;;;;;;;;;;
FDA_ADJ;Sallien;;;;;;;;;;;;;;x;;;;;;;;;;;;;;
FDA_conservative;fill;;;;;;;;;;;;;;x;;;;;;;;;;;;;;
FDA_liberal;fill;;;;;;;;;;;;;;x;;;;;;;;;;;;;;
FDA_reactionary;fill;;;;;;;;;;;;;;x;;;;;;;;;;;;;;
FDA_anarcho_liberal;fill;;;;;;;;;;;;;;x;;;;;;;;;;;;;;
FDA_socialist;fill;;;;;;;;;;;;;;x;;;;;;;;;;;;;;
FDA_communist;fill;;;;;;;;;;;;;;x;;;;;;;;;;;;;;
FDA_fascist;fill;;;;;;;;;;;;;;x;;;;;;;;;;;;;;
THU;Thuringia;;;;;;;;;;;;;;x;;;;;;;;;;;;;;
THU_ADJ;Thuringian;;;;;;;;;;;;;;x;;;;;;;;;;;;;;
THU_conservative;Thüringische Volkspartei;;;;;;;;;;;;;;x;;;;;;;;;;;;;;
THU_liberal;Reformisten;;;;;;;;;;;;;;x;;;;;;;;;;;;;;
THU_reactionary;Herzogsfraktion;;;;;;;;;;;;;;x;;;;;;;;;;;;;;
THU_anarcho_liberal;Radikale Reformisten;;;;;;;;;;;;;;x;;;;;;;;;;;;;;
THU_socialist;SPT;;;;;;;;;;;;;;x;;;;;;;;;;;;;;
THU_communist;Thüringische Revolutionspartei;;;;;;;;;;;;;;x;;;;;;;;;;;;;;
THU_fascist;Nationalsozialistische Partei;;;;;;;;;;;;;;x;;;;;;;;;;;;;;
BRB;Brabant;;;;;;;;;;;;;;x;;;;;;;;;;;;;;
BRB_ADJ;Brabantian;;;;;;;;;;;;;;x;;;;;;;;;;;;;;
BRB_conservative;Brabantise Volkspartie;;;;;;;;;;;;;;x;;;;;;;;;;;;;;
BRB_liberal;Reformisten;;;;;;;;;;;;;;x;;;;;;;;;;;;;;
BRB_reactionary;Hertogsfraktion;;;;;;;;;;;;;;x;;;;;;;;;;;;;;
BRB_anarcho_liberal;Radikale Reformisten;;;;;;;;;;;;;;x;;;;;;;;;;;;;;
BRB_socialist;SPB;;;;;;;;;;;;;;x;;;;;;;;;;;;;;
BRB_communist;Brabantiske Revolutionspartie;;;;;;;;;;;;;;x;;;;;;;;;;;;;;
BRB_fascist;Nationalsotialistiske Partie;;;;;;;;;;;;;;x;;;;;;;;;;;;;;
ALN;Alania;;;;;;;;;;;;;;x;;;;;;;;;;;;;;
ALN_ADJ;Alanian;;;;;;;;;;;;;;x;;;;;;;;;;;;;;
URF;Milan Federation;;;;;;;;;;;;;;x;;;;;;;;;;;;;;
URF_ADJ;Milani;;;;;;;;;;;;;;x;;;;;;;;;;;;;;
CAL_colonial_company;West Coast Company;;;;;;;;;;;;;;x;;;;;;;;;;;;;;
CAL;New Scotland;;;;;;;;;;;;;;x;;;;;;;;;;;;;;
CAL_ADJ;Scottish;;;;;;;;;;;;;;x;;;;;;;;;;;;;;
BYZ_absolute_monarchy;The Bulgarian Empire;;;;;;;;;;;;;;x;;;;;;;;;;;;;;
CST;Toledo;;;;;;;;;;;;;;x;;;;;;;;;;;;;;
CST_ADJ;Castilian;;;;;;;;;;;;;;x;;;;;;;;;;;;;;
INC;Inca;;;;;;;;;;;;;;x;;;;;;;;;;;;;;
INC_absolute_monarchy;The Incan Empire;;;;;;;;;;;;;;x;;;;;;;;;;;;;;
INC_hms_government;The Incan Empire;;;;;;;;;;;;x
INC_prussian_constitutionalism;The Incan Empire;;;;;;;;;;;;x
INC_ADJ;Incan;;;;;;;;;;;;;;x;;;;;;;;;;;;;;
TUA;Kel Ahaggar;;;;;;;;;;;;;;x;;;;;;;;;;;;;;
TUA_ADJ;Tuareg;;;;;;;;;;;;;;x;;;;;;;;;;;;;;
KJP;Kirisuto Japan;;;;;;;;;;;;;;x;;;;;;;;;;;;;;
KJP_ADJ;Japanese;;;;;;;;;;;;;;x;;;;;;;;;;;;;;
ANU;Andalusia;;;;;;;;;;;;;;x;;;;;;;;;;;;;;
ANU_colonial_company;Wilaya of Al-Andalus;;;;;;;;;;;;;;x;;;;;;;;;;;;;;
ANU_ADJ;Andalusian;;;;;;;;;;;;;;x;;;;;;;;;;;;;;
KOK;Argyn Zhuz;;;;;;;;;;;;;;x;;;;;;;;;;;;;;
KOK_absolute_monarchy;Argyn Zhuz;;;;;;;;;;;;;;x;;;;;;;;;;;;;;
KOK_hms_government;Argyn Zhuz;;;;;;;;;;;;x
KOK_prussian_constitutionalism;Argyn Zhuz;;;;;;;;;;;;x
KOK_ADJ;Kyrgyz;;;;;;;;;;;;;;x;;;;;;;;;;;;;;
BRG;Arelat;;;;;;;;;;;;;;x;;;;;;;;;;;;;;
BRG_ADJ;Burgundian;;;;;;;;;;;;;;x;;;;;;;;;;;;;;
BRG_conservative;Partij af Freideins;;;;;;;;;;;;;;x;;;;;;;;;;;;;;
BRG_liberal;Partij af Freihals;;;;;;;;;;;;;;x;;;;;;;;;;;;;;
BRG_reactionary;Partij af Reaktioners;;;;;;;;;;;;;;x;;;;;;;;;;;;;;
BRG_anarcho_liberal;Partij af Radikals;;;;;;;;;;;;;;x;;;;;;;;;;;;;;
BRG_socialist;Burgundthiuda;;;;;;;;;;;;;;x;;;;;;;;;;;;;;
BRG_communist;Burgundthiuda Radikals;;;;;;;;;;;;;;x;;;;;;;;;;;;;;
BRG_fascist;Fraujinassus af Burgundthiuda;;;;;;;;;;;;;;x;;;;;;;;;;;;;;
KOL;Cologne;;;;;;;;;;;;;;x;;;;;;;;;;;;;;
KOL_ADJ;Colognian;;;;;;;;;;;;;;x;;;;;;;;;;;;;;
FRI;Frisia;;;;;;;;;;;;;;x;;;;;;;;;;;;;;
FRI_ADJ;Frisian;;;;;;;;;;;;;;x;;;;;;;;;;;;;;
AAC;German Parliament of Aachen;;;;;;;;;;;;;;x;;;;;;;;;;;;;;
AAC_conservative;Deutsche Mehrheitspartei;;;;;;;;;;;;;x
AAC_liberal;Vereinigung deutscher Konstitutionalisten;;;;;;;;;;;;;x
AAC_reactionary;Absolutistische Fraktion;;;;;;;;;;;;;x
AAC_anarcho_liberal;Republikanische Volksvereinigung;;;;;;;;;;;;;x
AAC_socialist;Sozialisten;;;;;;;;;;;;;x
AAC_communist;Kommunisten;;;;;;;;;;;;;x
AAC_fascist;Faschisten;;;;;;;;;;;;;x
AAC_ADJ;Aachener;;;;;;;;;;;;;;x;;;;;;;;;;;;;;
WUL;Franconia;;;;;;;;;;;;;;x;;;;;;;;;;;;;;
WUL_ADJ;Franconian;;;;;;;;;;;;;;x;;;;;;;;;;;;;;
KZN_absolute_monarchy;Khanate of Kazan;;;;;;;;;;;;;;x;;;;;;;;;;;;;;
KZN_hms_government;Khanate of Kazan;;;;;;;;;;;;x
KZN_prussian_constitutionalism;Khanate of Kazan;;;;;;;;;;;;x
KZN;Kazan;;;;;;;;;;;;;;x;;;;;;;;;;;;;;
KZN_ADJ;Kazani;;;;;;;;;;;;;;x;;;;;;;;;;;;;;
NEN;Batavia;;;;;;;;;;;;;;x;;;;;;;;;;;;;;
NEN_ADJ;Batavian;;;;;;;;;;;;;;x;;;;;;;;;;;;;;
WUR;Swabia;;;;;;;;;;;;;;x;;;;;;;;;;;;;;
WUR_ADJ;Swabian;;;;;;;;;;;;;;x;;;;;;;;;;;;;;
BOH;Bohemia;;;;;;;;;;;;;;x;;;;;;;;;;;;;;
BOH_ADJ;Bohemian;;;;;;;;;;;;;;x;;;;;;;;;;;;;;
CRI_absolute_monarchy;Khanate of Crimea;;;;;;;;;;;;;;x;;;;;;;;;;;;;;
CRI_hms_government;Khanate of Crimea;;;;;;;;;;;;x
CRI_prussian_constitutionalism;Khanate of Crimea;;;;;;;;;;;;x
AKH_absolute_monarchy;Khanate of Astrakhan;;;;;;;;;;;;;;x;;;;;;;;;;;;;;
AKH_hms_government;Khanate of Astrakhan;;;;;;;;;;;;x
AKH_prussian_constitutionalism;Khanate of Astrakhan;;;;;;;;;;;;x
SIB_absolute_monarchy;Khanate of Qashliq;;;;;;;;;;;;;;x;;;;;;;;;;;;;;
SIB_hms_government;Khanate of Qashliq;;;;;;;;;;;;x
SIB_prussian_constitutionalism;Khanate of Qashliq;;;;;;;;;;;;x
URA;Great Perm;;;;;;;;;;;;;;x;;;;;;;;;;;;;;
URA_absolute_monarchy;Great Perm;;;;;;;;;;;;;;x;;;;;;;;;;;;;;
URA_hms_government;Great Perm;;;;;;;;;;;;x
URA_prussian_constitutionalism;Great Perm;;;;;;;;;;;;x
URA_ADJ;Permian;;;;;;;;;;;;;;x;;;;;;;;;;;;;;
OIR;Oirat;;;;;;;;;;;;;;x;;;;;;;;;;;;;;
OIR_absolute_monarchy;Oirat Khaganate;;;;;;;;;;;;;;x;;;;;;;;;;;;;;
OIR_hms_government;Oirat Khaganate;;;;;;;;;;;;x
OIR_prussian_constitutionalism;Oirat Khaganate;;;;;;;;;;;;x
OIR_ADJ;Oirat;;;;;;;;;;;;;;x;;;;;;;;;;;;;;
ALT;Altai Union;;;;;;;;;;;;;;x;;;;;;;;;;;;;;
ALT_absolute_monarchy;Tuva Uriankhai;;;;;;;;;;;;;;x;;;;;;;;;;;;;;
ALT_hms_government;Tuva Uriankhai;;;;;;;;;;;;x
ALT_prussian_constitutionalism;Tuva Uriankhai;;;;;;;;;;;;x
ALT_ADJ;Altaic;;;;;;;;;;;;;;x;;;;;;;;;;;;;;
BRY;Buryatia;;;;;;;;;;;;;;x;;;;;;;;;;;;;;
BRY_absolute_monarchy;Buryat Khanate;;;;;;;;;;;;;;x;;;;;;;;;;;;;;
BRY_hms_government;Buryat Khanate;;;;;;;;;;;;x
BRY_prussian_constitutionalism;Buryat Khanate;;;;;;;;;;;;x
BRY_ADJ;Buryat-Mongol;;;;;;;;;;;;;;x;;;;;;;;;;;;;;
CAT;Catalonia;;;;;;;;;;;;;;x;;;;;;;;;;;;;;
CAT_absolute_monarchy;Aragon;;;;;;;;;;;;;;x;;;;;;;;;;;;;;
CAT_hms_government;Aragon;;;;;;;;;;;;x
CAT_prussian_constitutionalism;Aragon;;;;;;;;;;;;x
CAT_ADJ;Catalonian;;;;;;;;;;;;;;x;;;;;;;;;;;;;;
TRR;Trier;;;;;;;;;;;;;;x;;;;;;;;;;;;;;
TRR_ADJ;Trierian;;;;;;;;;;;;;;x;;;;;;;;;;;;;;
LIG;Liege;;;;;;;;;;;;;;x;;;;;;;;;;;;;;
LIG_ADJ;Liegian;;;;;;;;;;;;;;x;;;;;;;;;;;;;;
ERF;Erfurt;;;;;;;;;;;;;;x;;;;;;;;;;;;;;
ERF_ADJ;Erfurter;;;;;;;;;;;;;;x;;;;;;;;;;;;;;
BZN;Burzenland;;;;;;;;;;;;;;x;;;;;;;;;;;;;;
BZN_ADJ;Burzian;;;;;;;;;;;;;;x;;;;;;;;;;;;;;
UKR;Kiev;;;;;;;;;;;;;;x;;;;;;;;;;;;;;
UKR_ADJ;Kievian;;;;;;;;;;;;;;x;;;;;;;;;;;;;;
VEN;Venice;;;;;;;;;;;;;;x;;;;;;;;;;;;;;
VEN_ADJ;Venetian;;;;;;;;;;;;;;x;;;;;;;;;;;;;;
SIC;Naples;;;;;;;;;;;;;;x;;;;;;;;;;;;;;
SIC_ADJ;Neapolitan;;;;;;;;;;;;;;x;;;;;;;;;;;;;;
BSQ;Basque Country;;;;;;;;;;;;;;x;;;;;;;;;;;;;;
BSQ_absolute_monarchy;Navarra;;;;;;;;;;;;;;x;;;;;;;;;;;;;;
BSQ_hms_government;Navarra;;;;;;;;;;;;x
BSQ_prussian_constitutionalism;Navarra;;;;;;;;;;;;x
BSQ_ADJ;Basque;;;;;;;;;;;;;;x;;;;;;;;;;;;;;
PRU;Pruthenia;;;;;;;;;;;;;;x;;;;;;;;;;;;;;
PRU_absolute_monarchy;Pruthenia;;;;;;;;;;;;;;x;;;;;;;;;;;;;;
PRU_hms_government;Pruthenia;;;;;;;;;;;;x
PRU_prussian_constitutionalism;Pruthenia;;;;;;;;;;;;x
PRU_ADJ;Pruthenian;;;;;;;;;;;;;;x;;;;;;;;;;;;;;
UBD_colonial_company;Livonia;;;;;;;;;;;;;;x;;;;;;;;;;;;;;
UBD_ADJ;Baltic;;;;;;;;;;;;;;x;;;;;;;;;;;;;;
MNG;Ming;;;;;;;;;;;;;;x;;;;;;;;;;;;;;
MNG_ADJ;Chinese;;;;;;;;;;;;;;x;;;;;;;;;;;;;;
MAH;Marathi Confederation;;;;;;;;;;;;;;x;;;;;;;;;;;;;;
MAH_ADJ;Marathi;;;;;;;;;;;;;;x;;;;;;;;;;;;;;
PNJ;Punjab;;;;;;;;;;;;;;x;;;;;;;;;;;;;;
PNJ_colonial_company;Ostanha-ye Panjab;;;;;;;;;;;;;;x;;;;;;;;;;;;;;
PNJ_absolute_monarchy;Punjab;;;;;;;;;;;;x
PNJ_hms_government;Punjab;;;;;;;;;;;;x
PNJ_prussian_constitutionalism;Punjab;;;;;;;;;;;;x
PNJ_ADJ;Punjabian;;;;;;;;;;;;;;x;;;;;;;;;;;;;;
BLC;Baluchistan;;;;;;;;;;;;;;x;;;;;;;;;;;;;;
BLC_absolute_monarchy;Baluchistan;;;;;;;;;;;;;;x;;;;;;;;;;;;;;
BLC_hms_government;Baluchistan;;;;;;;;;;;;x
BLC_colonial_company;Baluchestan;;;;;;;;;;;;;;x;;;;;;;;;;;;;;
BLC_prussian_constitutionalism;Baluchistan;;;;;;;;;;;;x
BLC_ADJ;Baluchi;;;;;;;;;;;;;;x;;;;;;;;;;;;;;
TAR_absolute_monarchy;Kipchak Khanate;;;;;;;;;;;;;;x;;;;;;;;;;;;;;
TAR_hms_government;Kipchak Khanate;;;;;;;;;;;;x
TAR_prussian_constitutionalism;Kipchak Khanate;;;;;;;;;;;;x
TAR_republic;Kipchakistan;;;;;;;;;;;;x
TAR_ADJ;Kipchak;;;;;;;;;;;;;;x;;;;;;;;;;;;;;
NAP;Naples;;;;;;;;;;;;x
NAP_ADJ;Neapolitan;;;;;;;;;;;;;;x;;;;;;;;;;;;;;
KNI;The Knights;;;;;;;;;;;;x
KNI_ADJ;Knights';;;;;;;;;;;;;;x;;;;;;;;;;;;;;
NZH;Daxi;;;;;;;;;;;;x
NZH_ADJ;Xi;;;;;;;;;;;;;;x;;;;;;;;;;;;;;
CMN;Kunság;;;;;;;;;;;;x
CMN_ADJ;Cuman;;;;;;;;;;;;;;x;;;;;;;;;;;;;;
YNN;Im a placeholder;;;;;;;;;;;;x
BSV;Severin;;;;;;;;;;;;;;x;;;;;;;;;;;;;;
BSV_ADJ;Severinian;;;;;;;;;;;;;;x;;;;;;;;;;;;;;
BBO;Bosnia;;;;;;;;;;;;;;x;;;;;;;;;;;;;;
BBO_ADJ;Bosnian;;;;;;;;;;;;;;x;;;;;;;;;;;;;;
BCR;Croatia;;;;;;;;;;;;;;x;;;;;;;;;;;;;;
BCR_ADJ;Croatian;;;;;;;;;;;;;;x;;;;;;;;;;;;;;
SLA;Slavonia;;;;;;;;;;;;;;x;;;;;;;;;;;;;;
SLA_ADJ;Slavonian;;;;;;;;;;;;;;x;;;;;;;;;;;;;;
ABB;Abbasid Caliphate;;;;;;;;;;;;;;x;;;;;;;;;;;;;;
ABB_ADJ;Abbasid;;;;;;;;;;;;;;x;;;;;;;;;;;;;;
LIH;Dzukija;;;;;;;;;;;;;;x;;;;;;;;;;;;;;
LIH_ADJ;Dzukijaian;;;;;;;;;;;;;;x;;;;;;;;;;;;;;
SMG;Samogitia;;;;;;;;;;;;;;x;;;;;;;;;;;;;;
SMG_ADJ;Samogitian;;;;;;;;;;;;;;x;;;;;;;;;;;;;;
CUR;Courland;;;;;;;;;;;;;;x;;;;;;;;;;;;;;
CUR_ADJ;Curonian;;;;;;;;;;;;;;x;;;;;;;;;;;;;;
NIB;New Iberia;;;;;;;;;;;;;;x;;;;;;;;;;;;;;
NIB_ADJ;New Iberian;;;;;;;;;;;;;;x;;;;;;;;;;;;;;
CHV;Chuvashia;;;;;;;;;;;;;;x;;;;;;;;;;;;;;
CHV_ADJ;Chuvashian;;;;;;;;;;;;;;x;;;;;;;;;;;;;;
CHC;Chernigov Cossacks;;;;;;;;;;;;;;x;;;;;;;;;;;;;;
CHC_ADJ;Chernigovian;;;;;;;;;;;;;;x;;;;;;;;;;;;;;
KRC;Kursk Cossacks;;;;;;;;;;;;;;x;;;;;;;;;;;;;;
KRC_ADJ;Kurskian;;;;;;;;;;;;;;x;;;;;;;;;;;;;;
SHU;Shu;;;;;;;;;;;;;;x;;;;;;;;;;;;;;
SHU_ADJ;Shu;;;;;;;;;;;;;;x;;;;;;;;;;;;;;
SHN;Shun;;;;;;;;;;;;;;x;;;;;;;;;;;;;;
SHN_ADJ;Shun;;;;;;;;;;;;;;x;;;;;;;;;;;;;;
NNI;Daur;;;;;;;;;;;;;;x;;;;;;;;;;;;;;
NNI_absolute_monarchy;Daur Khanate;;;;;;;;;;;;;;x;;;;;;;;;;;;;;
NNI_hms_government;Daur Khanate;;;;;;;;;;;;x
NNI_ADJ;Daur;;;;;;;;;;;;;;x;;;;;;;;;;;;;;
VDB;Ahmednagar;;;;;;;;;;;;;;x;;;;;;;;;;;;;;
VDB_ADJ;Ahmednagarian;;;;;;;;;;;;;;x;;;;;;;;;;;;;;
NAG;Bijapur;;;;;;;;;;;;;;x;;;;;;;;;;;;;;
NAG_ADJ;Bijapurian;;;;;;;;;;;;;;x;;;;;;;;;;;;;;
BAS;Gondwana;;;;;;;;;;;;;;x;;;;;;;;;;;;;;
BAS_ADJ;Gondwanian;;;;;;;;;;;;;;x;;;;;;;;;;;;;;
BIH_colonial_company;Putna;;;;;;;;;;;;;;x;;;;;;;;;;;;;;
BNG_colonial_company;Gaur;;;;;;;;;;;;;;x;;;;;;;;;;;;;;
MNP_colonial_company;Manipur-Tripura;;;;;;;;;;;;;;x;;;;;;;;;;;;;; 
SUR;Sur Empire;;;;;;;;;;;;;;x;;;;;;;;;;;;;;
SUR_ADJ;Sur;;;;;;;;;;;;;;x;;;;;;;;;;;;;;
MUG;Sayyid Sultanate;;;;;;;;;;;;;;x;;;;;;;;;;;;;;
MUG_absolute_monarchy;Sayyid Sultanate;;;;;;;;;;;;x
MUG_hms_government;Sayyid Sultanate;;;;;;;;;;;;x
MUG_prussian_constitutionalism;Sayyid Sultanate;;;;;;;;;;;;x
MUG_ADJ;Sayyid;;;;;;;;;;;;;;x;;;;;;;;;;;;;;
NYK;Madurai;;;;;;;;;;;;;;x;;;;;;;;;;;;;;
NYK_ADJ;Nayakan;;;;;;;;;;;;;;x;;;;;;;;;;;;;;
TNJ;Tanjore;;;;;;;;;;;;;;x;;;;;;;;;;;;;;
TNJ_ADJ;Nayakan;;;;;;;;;;;;;;x;;;;;;;;;;;;;;
MDR;Madras;;;;;;;;;;;;;;x;;;;;;;;;;;;;;
MDR_ADJ;Nayakan;;;;;;;;;;;;;;x;;;;;;;;;;;;;;
VLL;Vellore;;;;;;;;;;;;;;x;;;;;;;;;;;;;;
VLL_ADJ;Nayakan;;;;;;;;;;;;;;x;;;;;;;;;;;;;;
KLD;Keladi;;;;;;;;;;;;;;x;;;;;;;;;;;;;;
KLD_ADJ;Nayakan;;;;;;;;;;;;;;x;;;;;;;;;;;;;;
ANK;Ankara;;;;;;;;;;;;;;x;;;;;;;;;;;;;;
ANK_ADJ;Ankaran;;;;;;;;;;;;;;x;;;;;;;;;;;;;;
BHN;Champassak;;;;;;;;;;;;;;x;;;;;;;;;;;;;;
BHN_ADJ;Champassakan;;;;;;;;;;;;;;x;;;;;;;;;;;;;;
TSI;Tambralinga;;;;;;;;;;;;;;x;;;;;;;;;;;;;;
TSI_ADJ;Tambralingan;;;;;;;;;;;;;;x;;;;;;;;;;;;;;
HYD;Golkonda;;;;;;;;;;;;;;x;;;;;;;;;;;;;;
HYD_ADJ;Golkondian;;;;;;;;;;;;;;x;;;;;;;;;;;;;;
HRP;Harinpujaya;;;;;;;;;;;;;;x;;;;;;;;;;;;;;
HRP_ADJ;Harinpujayan;;;;;;;;;;;;;;x;;;;;;;;;;;;;;
HTW;Hanthawaddy;;;;;;;;;;;;;;x;;;;;;;;;;;;;;
HTW_ADJ;Hanthawaddian;;;;;;;;;;;;;;x;;;;;;;;;;;;;;
RHN;Rohingya;;;;;;;;;;;;;;x;;;;;;;;;;;;;;
RHN_ADJ;Rohingyan;;;;;;;;;;;;;;x;;;;;;;;;;;;;;
SIA;Lavo Empire;;;;;;;;;;;;;;x;;;;;;;;;;;;;;
SIA_absolute_monarchy;Lavo Empire;;;;;;;;;;;;x
SIA_hms_government;Lavo Empire;;;;;;;;;;;;x
SIA_prussian_constitutionalism;Lavo Empire;;;;;;;;;;;;x
SIA_republic;Lavo Republic;;;;;;;;;;;;x
SIA_ADJ;Lavoc;;;;;;;;;;;;;;x;;;;;;;;;;;;;;
XBI;Qinghai;;;;;;;;;;;;;;x;;;;;;;;;;;;;;
XBI_absolute_monarchy;Tumed Khanate;;;;;;;;;;;;x
XBI_colonial_company;Tumed Khanate;;;;;;;;;;;;x
XBI_hms_government;Tumed Khanate;;;;;;;;;;;;x
XBI_prussian_constitutionalism;Tumed Khanate;;;;;;;;;;;;x
XBI_republic;Qinghai;;;;;;;;;;;;x
XBI_ADJ;Tumed;;;;;;;;;;;;;;x;;;;;;;;;;;;;;
KHR;Khorasan;;;;;;;;;;;;;;x;;;;;;;;;;;;;;
KHR_absolute_monarchy;Khorasan;;;;;;;;;;;;x
KHR_colonial_company;Khorasan;;;;;;;;;;;;x
KHR_hms_government;Khorasan;;;;;;;;;;;;x
KHR_prussian_constitutionalism;Khorasan;;;;;;;;;;;;x
KHR_republic;Khorasan Republic;;;;;;;;;;;;x
KHR_ADJ;Tumed;;;;;;;;;;;;;;x;;;;;;;;;;;;;;
GLM;Halych;;;;;;;;;;;;;;x;;;;;;;;;;;;;;
GLM_absolute_monarchy;Halych;;;;;;;;;;;;x
GLM_colonial_company;Halych;;;;;;;;;;;;x
GLM_hms_government;Halych;;;;;;;;;;;;x
GLM_prussian_constitutionalism;Halych;;;;;;;;;;;;x
GLM_republic;Halych;;;;;;;;;;;;x
GLM_ADJ;Galician;;;;;;;;;;;;;;x;;;;;;;;;;;;;;
BUR;Burma;;;;;;;;;;;;;;x;;;;;;;;;;;;;;
BUR_absolute_monarchy;Ava;;;;;;;;;;;;x
BUR_hms_government;Ava;;;;;;;;;;;;x
BUR_prussian_constitutionalism;Ava;;;;;;;;;;;;x
BUR_ADJ;Avan;;;;;;;;;;;;;;x;;;;;;;;;;;;;;
MNK;Polotsk;;;;;;;;;;;;;;x;;;;;;;;;;;;;;
MNK_ADJ;Polotskian;;;;;;;;;;;;;;x;;;;;;;;;;;;;;
NOG;Nogay Khanate;;;;;;;;;;;;;;x;;;;;;;;;;;;;;
NOG_ADJ;Nogay;;;;;;;;;;;;;;x;;;;;;;;;;;;;;
PLK;Pleskov;;;;;;;;;;;;;;x;;;;;;;;;;;;;;
PLK_ADJ;Pleskovian;;;;;;;;;;;;;;x;;;;;;;;;;;;;;
TYM_absolute_monarchy;Tymyr Khanate;;;;;;;;;;;;;;x;;;;;;;;;;;;;;
TYM;Tymyr;;;;;;;;;;;;;;x;;;;;;;;;;;;;;
TYM_ADJ;Pleskovian;;;;;;;;;;;;;;x;;;;;;;;;;;;;;
NNT;Nenetsia;;;;;;;;;;;;;;x;;;;;;;;;;;;;;
NNT_ADJ;Nenets;;;;;;;;;;;;;;x;;;;;;;;;;;;;;
YML;Yamalia;;;;;;;;;;;;;;x;;;;;;;;;;;;;;
YML_ADJ;Yamalian;;;;;;;;;;;;;;x;;;;;;;;;;;;;;
KHN;Khantia;;;;;;;;;;;;;;x;;;;;;;;;;;;;;
KHN_ADJ;Khantian;;;;;;;;;;;;;;x;;;;;;;;;;;;;;
SZE;Szekelysag;;;;;;;;;;;;;;x;;;;;;;;;;;;;;
SZE_ADJ;Szekely;;;;;;;;;;;;;;x;;;;;;;;;;;;;;
BSK;Ufa Khanate;;;;;;;;;;;;;;x;;;;;;;;;;;;;;
BSK_ADJ;Tatar;;;;;;;;;;;;;;x;;;;;;;;;;;;;;
MSS;Grand Duchy of Muscovy;;;;;;;;;;;;;;x;;;;;;;;;;;;;;
MSS_ADJ;Muscovite;;;;;;;;;;;;;;x;;;;;;;;;;;;;;
SLK;Selkupia;;;;;;;;;;;;;;x;;;;;;;;;;;;;;
SLK_ADJ;Selkup;;;;;;;;;;;;;;x;;;;;;;;;;;;;;
SHR;Shoria;;;;;;;;;;;;;;x;;;;;;;;;;;;;;
SHR_absolute_monarchy;Shor Khanate;;;;;;;;;;;;x
SHR_hms_government;Shor Khanate;;;;;;;;;;;;x
SHR_prussian_constitutionalism;Shor Khanate;;;;;;;;;;;;x
SHR_ADJ;Selkup;;;;;;;;;;;;;;x;;;;;;;;;;;;;;
SYN;Sayan;;;;;;;;;;;;;;x;;;;;;;;;;;;;;
SYN_absolute_monarchy;Sayan Uriankhai;;;;;;;;;;;;x
SYN_hms_government;Sayan Uriankhai;;;;;;;;;;;;x
SYN_prussian_constitutionalism;Sayan Uriankhai;;;;;;;;;;;;x
SYN_ADJ;Sayan;;;;;;;;;;;;;;x;;;;;;;;;;;;;;
YDN;Yedisan;;;;;;;;;;;;;;x;;;;;;;;;;;;;;
YDN_absolute_monarchy;Yedisan Khanate;;;;;;;;;;;;x
YDN_hms_government;Yedisan Khanate;;;;;;;;;;;;x
YDN_prussian_constitutionalism;Yedisan Khanate;;;;;;;;;;;;x
YDN_ADJ;Yedisanian;;;;;;;;;;;;;;x;;;;;;;;;;;;;;
RTH;Ruthenia;;;;;;;;;;;;;;x;;;;;;;;;;;;;;
RTH_absolute_monarchy;Great Ruthenia;;;;;;;;;;;;x
RTH_hms_government;Great Ruthenia;;;;;;;;;;;;x
RTH_prussian_constitutionalism;Great Ruthenia;;;;;;;;;;;;x
RTH_ADJ;Ruthenian;;;;;;;;;;;;;;x;;;;;;;;;;;;;;
KAZ;Kazakhstan;;;;;;;;;;;;;;x;;;;;;;;;;;;;;
KAZ_absolute_monarchy;Üysin Zhuz;;;;;;;;;;;;x
KAZ_hms_government;Üysin Zhuz;;;;;;;;;;;;x
KAZ_prussian_constitutionalism;Üysin Zhuz;;;;;;;;;;;;x
KAZ_ADJ;Kyrgyz;;;;;;;;;;;;;;x;;;;;;;;;;;;;;
BGH;Volga Bulgharia;;;;;;;;;;;;;;x;;;;;;;;;;;;;;
BGH_absolute_monarchy;Bulghar Khanate;;;;;;;;;;;;x
BGH_hms_government;Bulghar Khanate;;;;;;;;;;;;x
BGH_prussian_constitutionalism;Bulghar Khanate;;;;;;;;;;;;x
BGH_ADJ;Bulghar;;;;;;;;;;;;;;x;;;;;;;;;;;;;;
DAI;Dai Viet;;;;;;;;;;;;;;x;;;;;;;;;;;;;;
DAI_absolute_monarchy;Dai Viet;;;;;;;;;;;;x
DAI_hms_government;Dai Viet;;;;;;;;;;;;x
DAI_prussian_constitutionalism;Dai Viet;;;;;;;;;;;;x
DAI_colonial_company;Dai Viet;;;;;;;;;;;;x
DAI_ADJ;Vietnamese;;;;;;;;;;;;;;x;;;;;;;;;;;;;;
KMY;Kumykistan;;;;;;;;;;;;;;x;;;;;;;;;;;;;;
KMY_absolute_monarchy;Kumyk Khanate;;;;;;;;;;;;x
KMY_hms_government;Kumyk Khanate;;;;;;;;;;;;x
KMY_prussian_constitutionalism;Kumyk Khanate;;;;;;;;;;;;x
KMY_colonial_company;Kumyk Khanate;;;;;;;;;;;;x
KMY_ADJ;Kumyk;;;;;;;;;;;;;;x;;;;;;;;;;;;;;
DAG;Avaristan;;;;;;;;;;;;;;x;;;;;;;;;;;;;;
DAG_absolute_monarchy;Avar Khanate;;;;;;;;;;;;x
DAG_hms_government;Avar Khanate;;;;;;;;;;;;x
DAG_prussian_constitutionalism;Avar Khanate;;;;;;;;;;;;x
DAG_colonial_company;Avar Khanate;;;;;;;;;;;;x
DAG_ADJ;Avar;;;;;;;;;;;;;;x;;;;;;;;;;;;;;
GMZ;Dagestan;;;;;;;;;;;;;;x;;;;;;;;;;;;;;
GMZ_absolute_monarchy;Gazikumukh Khanate;;;;;;;;;;;;x
GMZ_hms_government;Gazikumukh Khanate;;;;;;;;;;;;x
GMZ_prussian_constitutionalism;Gazikumukh Khanate;;;;;;;;;;;;x
GMZ_colonial_company;Gazikumukh Khanate;;;;;;;;;;;;x
GMZ_ADJ;Dagestani;;;;;;;;;;;;;;x;;;;;;;;;;;;;;
KCN;Arzakh;;;;;;;;;;;;;;x;;;;;;;;;;;;;;
KCN_absolute_monarchy;Melikdom of Khachen;;;;;;;;;;;;x
KCN_hms_government;Melikdom of Khachen;;;;;;;;;;;;x
KCN_prussian_constitutionalism;Melikdom of Khachen;;;;;;;;;;;;x
KCN_colonial_company;Melikdom of Khachen;;;;;;;;;;;;x
KCN_ADJ;Khachenian;;;;;;;;;;;;;;x;;;;;;;;;;;;;;
HNZ;Hunza;;;;;;;;;;;;;;x;;;;;;;;;;;;;;
HNZ_ADJ;Burushaskian;;;;;;;;;;;;;;x;;;;;;;;;;;;;;
LIT_absolute_monarchy;Grand Duchy of Lithuania;;;;;;;;;;;;x
LIT_hms_government;Grand Duchy of Lithuania;;;;;;;;;;;;x
LIT_prussian_constitutionalism;Grand Duchy of Lithuania;;;;;;;;;;;;x
BEL_absolute_monarchy;Kingdom of Belgica;;;;;;;;;;;;x
BEL_hms_government;Kingdom of Belgica;;;;;;;;;;;;x
BEL_prussian_constitutionalism;Kingdom of Belgica;;;;;;;;;;;;x
BEL_democracy;Belgica;;;;;;;;;;;;x
BEL;Belgica;;;;;;;;;;;;x
NET_absolute_monarchy;Holland;;;;;;;;;;;;x
NET_hms_government;Holland;;;;;;;;;;;;x
NET_prussian_constitutionalism;Holland;;;;;;;;;;;;x
NET_democracy;Holland;;;;;;;;;;;;x
NET;Holland;;;;;;;;;;;;x
NET_ADJ;Hollandish;;;;;;;;;;;;x
GRI;Guria;;;;;;;;;;;;;;x;;;;;;;;;;;;;;
GRI_absolute_monarchy;Guria;;;;;;;;;;;;x
GRI_hms_government;Guria;;;;;;;;;;;;x
GRI_prussian_constitutionalism;Guria;;;;;;;;;;;;x
GRI_ADJ;Gurian;;;;;;;;;;;;;;x;;;;;;;;;;;;;;
IMR;Imereti;;;;;;;;;;;;;;x;;;;;;;;;;;;;;
IMR_absolute_monarchy;Imereti;;;;;;;;;;;;x
IMR_hms_government;Imereti;;;;;;;;;;;;x
IMR_prussian_constitutionalism;Imereti;;;;;;;;;;;;x
IMR_ADJ;Imeretian;;;;;;;;;;;;;;x;;;;;;;;;;;;;;
SMZ;Samtskhe;;;;;;;;;;;;;;x;;;;;;;;;;;;;;
SMZ_absolute_monarchy;Samtskhe;;;;;;;;;;;;x
SMZ_hms_government;Samtskhe;;;;;;;;;;;;x
SMZ_prussian_constitutionalism;Samtskhe;;;;;;;;;;;;x
SMZ_ADJ;Samtskhian;;;;;;;;;;;;;;x;;;;;;;;;;;;;;
KRT;Kartli;;;;;;;;;;;;;;x;;;;;;;;;;;;;;
KRT_absolute_monarchy;Kartli;;;;;;;;;;;;x
KRT_hms_government;Kartli;;;;;;;;;;;;x
KRT_prussian_constitutionalism;Kartli;;;;;;;;;;;;x
KRT_ADJ;Kartlian;;;;;;;;;;;;;;x;;;;;;;;;;;;;;
KKH;Kakheti;;;;;;;;;;;;;;x;;;;;;;;;;;;;;
KKH_absolute_monarchy;Kakheti;;;;;;;;;;;;x
KKH_hms_government;Kakheti;;;;;;;;;;;;x
KKH_prussian_constitutionalism;Kakheti;;;;;;;;;;;;x
KKH_ADJ;Kakhetian;;;;;;;;;;;;;;x;;;;;;;;;;;;;;
IRV;Irevan;;;;;;;;;;;;;;x;;;;;;;;;;;;;;
IRV_absolute_monarchy;Irevan Khanate;;;;;;;;;;;;x
IRV_hms_government;Irevan Khanate;;;;;;;;;;;;x
IRV_prussian_constitutionalism;Irevan Khanate;;;;;;;;;;;;x
IRV_ADJ;Irevan Khanate;;;;;;;;;;;;;;x;;;;;;;;;;;;;;
NKH;Nakhchivan;;;;;;;;;;;;;;x;;;;;;;;;;;;;;
NKH_absolute_monarchy;Nakhchivan Khanate;;;;;;;;;;;;x
NKH_hms_government;Nakhchivan Khanate;;;;;;;;;;;;x
NKH_prussian_constitutionalism;Nakhchivan Khanate;;;;;;;;;;;;x
NKH_ADJ;Nakhchivan Khanate;;;;;;;;;;;;;;x;;;;;;;;;;;;;;
KRB;Karabagh;;;;;;;;;;;;;;x;;;;;;;;;;;;;;
KRB_absolute_monarchy;Karabagh Khanate;;;;;;;;;;;;x
KRB_hms_government;Karabagh Khanate;;;;;;;;;;;;x
KRB_prussian_constitutionalism;Karabagh Khanate;;;;;;;;;;;;x
KRB_ADJ;Karabagh Khanate;;;;;;;;;;;;;;x;;;;;;;;;;;;;;
GNJ;Ganjeh;;;;;;;;;;;;;;x;;;;;;;;;;;;;;
GNJ_absolute_monarchy;Ganjeh Khanate;;;;;;;;;;;;x
GNJ_hms_government;Ganjeh Khanate;;;;;;;;;;;;x
GNJ_prussian_constitutionalism;Ganjeh Khanate;;;;;;;;;;;;x
GNJ_ADJ;Ganjeh Khanate;;;;;;;;;;;;;;x;;;;;;;;;;;;;;
TTN;Tatistan;;;;;;;;;;;;;;x;;;;;;;;;;;;;;
TTN_absolute_monarchy;Tatistan;;;;;;;;;;;;x
TTN_hms_government;Tatistan;;;;;;;;;;;;x
TTN_prussian_constitutionalism;Tatistan;;;;;;;;;;;;x
TTN_ADJ;Tat;;;;;;;;;;;;;;x;;;;;;;;;;;;;;
TLY;Talyshistan;;;;;;;;;;;;;;x;;;;;;;;;;;;;;
TLY_absolute_monarchy;Talyshistan;;;;;;;;;;;;x
TLY_hms_government;Talyshistan;;;;;;;;;;;;x
TLY_prussian_constitutionalism;Talyshistan;;;;;;;;;;;;x
TLY_ADJ;Talysh;;;;;;;;;;;;;;x;;;;;;;;;;;;;;
MKU;Maku;;;;;;;;;;;;;;x;;;;;;;;;;;;;;
MKU_absolute_monarchy;Maku Khanate;;;;;;;;;;;;x
MKU_hms_government;Maku Khanate;;;;;;;;;;;;x
MKU_prussian_constitutionalism;Maku Khanate;;;;;;;;;;;;x
MKU_ADJ;Makuyan;;;;;;;;;;;;;;x;;;;;;;;;;;;;;
FRS;Fars;;;;;;;;;;;;;;x;;;;;;;;;;;;;;
FRS_absolute_monarchy;Fars;;;;;;;;;;;;x
FRS_hms_government;Fars;;;;;;;;;;;;x
FRS_prussian_constitutionalism;Fars;;;;;;;;;;;;x
FRS_ADJ;Farsian;;;;;;;;;;;;;;x;;;;;;;;;;;;;;
AJM;Ajam;;;;;;;;;;;;;;x;;;;;;;;;;;;;;
AJM_absolute_monarchy;Ajam;;;;;;;;;;;;x
AJM_hms_government;Ajam;;;;;;;;;;;;x
AJM_prussian_constitutionalism;Ajam;;;;;;;;;;;;x
AJM_ADJ;Ajami;;;;;;;;;;;;;;x;;;;;;;;;;;;;;
YZD;Yazd;;;;;;;;;;;;;;x;;;;;;;;;;;;;;
YZD_absolute_monarchy;Yazd;;;;;;;;;;;;x
YZD_hms_government;Yazd;;;;;;;;;;;;x
YZD_prussian_constitutionalism;Yazd;;;;;;;;;;;;x
YZD_ADJ;Yazdi;;;;;;;;;;;;;;x;;;;;;;;;;;;;;
LUR;Luristan;;;;;;;;;;;;;;x;;;;;;;;;;;;;;
LUR_absolute_monarchy;Luristan;;;;;;;;;;;;x
LUR_hms_government;Luristan;;;;;;;;;;;;x
LUR_prussian_constitutionalism;Luristan;;;;;;;;;;;;x
LUR_ADJ;Lurish;;;;;;;;;;;;;;x;;;;;;;;;;;;;;
GLN;Gilan;;;;;;;;;;;;;;x;;;;;;;;;;;;;;
GLN_absolute_monarchy;Gilan;;;;;;;;;;;;x
GLN_hms_government;Gilan;;;;;;;;;;;;x
GLN_prussian_constitutionalism;Gilan;;;;;;;;;;;;x
GLN_ADJ;Gilaki;;;;;;;;;;;;;;x;;;;;;;;;;;;;;
MZN;Mazandaran;;;;;;;;;;;;;;x;;;;;;;;;;;;;;
MZN_absolute_monarchy;Mazandaran;;;;;;;;;;;;x
MZN_hms_government;Mazandaran;;;;;;;;;;;;x
MZN_prussian_constitutionalism;Mazandaran;;;;;;;;;;;;x
MZN_ADJ;Mazandarani;;;;;;;;;;;;;;x;;;;;;;;;;;;;;
KND;Maymaneh;;;;;;;;;;;;;;x;;;;;;;;;;;;;;
KND_absolute_monarchy;Maymaneh Khanate;;;;;;;;;;;;x
KND_hms_government;Maymaneh Khanate;;;;;;;;;;;;x
KND_prussian_constitutionalism;Maymaneh Khanate;;;;;;;;;;;;x
KND_ADJ;Uzbek;;;;;;;;;;;;;;x;;;;;;;;;;;;;;
BDK;Badakhshan;;;;;;;;;;;;;;x;;;;;;;;;;;;;;
BDK_absolute_monarchy;Badakhshan Khanate;;;;;;;;;;;;x
BDK_hms_government;Badakhshan Khanate;;;;;;;;;;;;x
BDK_prussian_constitutionalism;Badakhshan Khanate;;;;;;;;;;;;x
BDK_ADJ;Badakhshani;;;;;;;;;;;;;;x;;;;;;;;;;;;;;
SST;Sistan;;;;;;;;;;;;;;x;;;;;;;;;;;;;;
SST_absolute_monarchy;Abdali Shahdom;;;;;;;;;;;;x
SST_hms_government;Abdali Shahdom;;;;;;;;;;;;x
SST_prussian_constitutionalism;Abdali Shahdom;;;;;;;;;;;;x
SST_ADJ;Abdali;;;;;;;;;;;;;;x;;;;;;;;;;;;;;
BLA;Bela;;;;;;;;;;;;;;x;;;;;;;;;;;;;;
BLA_absolute_monarchy;Bela;;;;;;;;;;;;x
BLA_hms_government;Bela;;;;;;;;;;;;x
BLA_prussian_constitutionalism;Bela;;;;;;;;;;;;x
BLA_ADJ;Bela;;;;;;;;;;;;;;x;;;;;;;;;;;;;;
PER;Iran;;;;;;;;;;;;;;x;;;;;;;;;;;;;;
PER_absolute_monarchy;Shahdom of Iran;;;;;;;;;;;;x
PER_hms_government;Shahdom of Iran;;;;;;;;;;;;x
PER_prussian_constitutionalism;Shahdom of Iran;;;;;;;;;;;;x
PER_republic;Dschomhuri-ye Iran;;;;;;;;;;;;x
PER_ADJ;Iranian;;;;;;;;;;;;;;x;;;;;;;;;;;;;;
TKO;Tourkistan;;;;;;;;;;;;;;x;;;;;;;;;;;;;;
TKO_absolute_monarchy;Turkoman Empire;;;;;;;;;;;;x
TKO_hms_government;Turkoman Empire;;;;;;;;;;;;x
TKO_prussian_constitutionalism;Turkoman Empire;;;;;;;;;;;;x
TKO_republic;Tourkistan;;;;;;;;;;;;x
TKO_ADJ;Turkoman;;;;;;;;;;;;;;x;;;;;;;;;;;;;;
CZH;Sorbia;;;;;;;;;;;;;;x;;;;;;;;;;;;;;
CZH_absolute_monarchy;Sorbia;;;;;;;;;;;;x
CZH_hms_government;Sorbia;;;;;;;;;;;;x
CZH_prussian_constitutionalism;Sorbia;;;;;;;;;;;;x
CZH_republic;Republic of Sorbia;;;;;;;;;;;;x
CZH_ADJ;Sorbia;;;;;;;;;;;;;;x;;;;;;;;;;;;;;
WSX_ADJ;Wessexian;Wessexian;Wessexian;;;;;;;;;;;x;
WSX;Wessex;Wessex;Wessex;;;;;;;;;;;x;
WSX_proletarian_dictatorship;Wessex;Wessex;Wessex;;;;;;;;;;;x;
WSX_presidential_dictatorship;Wessex;Wessex;Wessex;;;;;;;;;;;x;
WSX_bourgeois_dictatorship;Wessex;Wessex;Wessex;;;;;;;;;;;x;
WSX_fascist_dictatorship;Wessex;Wessex;Wessex;;;;;;;;;;;x;
WSX_absolute_monarchy;Wessex;Wessex;Wessex;;;;;;;;;;;x;
WSX_prussian_constitutionalism;Wessex;Wessex;Wessex;;;;;;;;;;;x;
WSX_hms_government;Wessex;Wessex;Wessex;;;;;;;;;;;x;
WSX_democracy;Wessex;Wessex;Wessex;;;;;;;;;;;x;
WSX_conservative_92;Conservatives;Conservatives;Conservatives;;;;;;;;;;;x;
WSX_liberal_79;Liberals;Liberals;Liberals;;;;;;;;;;;x;
WSX_liberal_87;National Liberals;National Liberals;National Liberals;;;;;;;;;;;x;
WSX_socialist_85;Socialists;Socialists;Socialists;;;;;;;;;;;x;
WSX_socialist_99;National Socialists;National Socialists;National Socialists;;;;;;;;;;;x;
WSX_reactionary_84;Monarchy Leadership;Monarchy Leadership;Monarchy Leadership;;;;;;;;;;;x;
WSX_anarcho_liberal_93;Radical Liberals;Radical Liberals;Radical Liberals;;;;;;;;;;;x;
WSX_communist_86;Communists;Communists;Communists;;;;;;;;;;;x;
WSX_fascist_72;Fascists;Fascists;Fascists;;;;;;;;;;;x;
SUX_ADJ;Sussex;Sussex;Sussex;;;;;;;;;;;x;
SUX;Sussex;Sussex;Sussex;;;;;;;;;;;x;
SUX_proletarian_dictatorship;Sussex;Sussex;Sussex;;;;;;;;;;;x;
SUX_presidential_dictatorship;Sussex;Sussex;Sussex;;;;;;;;;;;x;
SUX_bourgeois_dictatorship;Sussex;Sussex;Sussex;;;;;;;;;;;x;
SUX_fascist_dictatorship;Sussex;Sussex;Sussex;;;;;;;;;;;x;
SUX_absolute_monarchy;Sussex;Sussex;Sussex;;;;;;;;;;;x;
SUX_prussian_constitutionalism;Sussex;Sussex;Sussex;;;;;;;;;;;x;
SUX_hms_government;Sussex;Sussex;Sussex;;;;;;;;;;;x;
SUX_democracy;Sussex;Sussex;Sussex;;;;;;;;;;;x;
SUX_conservative_92;Conservatives;Conservatives;Conservatives;;;;;;;;;;;x;
SUX_liberal_79;Liberals;Liberals;Liberals;;;;;;;;;;;x;
SUX_liberal_87;National Liberals;National Liberals;National Liberals;;;;;;;;;;;x;
SUX_socialist_85;Socialists;Socialists;Socialists;;;;;;;;;;;x;
SUX_socialist_99;National Socialists;National Socialists;National Socialists;;;;;;;;;;;x;
SUX_reactionary_84;Monarchy Leadership;Monarchy Leadership;Monarchy Leadership;;;;;;;;;;;x;
SUX_anarcho_liberal_93;Radical Liberals;Radical Liberals;Radical Liberals;;;;;;;;;;;x;
SUX_communist_86;Communists;Communists;Communists;;;;;;;;;;;x;
SUX_fascist_72;Fascists;Fascists;Fascists;;;;;;;;;;;x;
MRC_ADJ;Mercian;Mercian;Mercian;;;;;;;;;;;x;
MRC;Mercia;Mercia;Mercia;;;;;;;;;;;x;
MRC_proletarian_dictatorship;Mercia;Mercia;Mercia;;;;;;;;;;;x;
MRC_presidential_dictatorship;Mercia;Mercia;Mercia;;;;;;;;;;;x;
MRC_bourgeois_dictatorship;Mercia;Mercia;Mercia;;;;;;;;;;;x;
MRC_fascist_dictatorship;Mercia;Mercia;Mercia;;;;;;;;;;;x;
MRC_absolute_monarchy;Mercia;Mercia;Mercia;;;;;;;;;;;x;
MRC_prussian_constitutionalism;Mercia;Mercia;Mercia;;;;;;;;;;;x;
MRC_hms_government;Mercia;Mercia;Mercia;;;;;;;;;;;x;
MRC_democracy;Mercia;Mercia;Mercia;;;;;;;;;;;x;
MRC_conservative_92;Conservatives;Conservatives;Conservatives;;;;;;;;;;;x;
MRC_liberal_79;Liberals;Liberals;Liberals;;;;;;;;;;;x;
MRC_liberal_87;National Liberals;National Liberals;National Liberals;;;;;;;;;;;x;
MRC_socialist_85;Socialists;Socialists;Socialists;;;;;;;;;;;x;
MRC_socialist_99;National Socialists;National Socialists;National Socialists;;;;;;;;;;;x;
MRC_reactionary_84;Monarchy Leadership;Monarchy Leadership;Monarchy Leadership;;;;;;;;;;;x;
MRC_anarcho_liberal_93;Radical Liberals;Radical Liberals;Radical Liberals;;;;;;;;;;;x;
MRC_communist_86;Communists;Communists;Communists;;;;;;;;;;;x;
MRC_fascist_72;Fascists;Fascists;Fascists;;;;;;;;;;;x;
ESX_ADJ;Essexian;Essexian;Essexian;;;;;;;;;;;x;
ESX;Essex;Essex;Essex;;;;;;;;;;;x;
ESX_proletarian_dictatorship;Essex;Essex;Essex;;;;;;;;;;;x;
ESX_presidential_dictatorship;Essex;Essex;Essex;;;;;;;;;;;x;
ESX_bourgeois_dictatorship;Essex;Essex;Essex;;;;;;;;;;;x;
ESX_fascist_dictatorship;Essex;Essex;Essex;;;;;;;;;;;x;
ESX_absolute_monarchy;Essex;Essex;Essex;;;;;;;;;;;x;
ESX_prussian_constitutionalism;Essex;Essex;Essex;;;;;;;;;;;x;
ESX_hms_government;Essex;Essex;Essex;;;;;;;;;;;x;
ESX_democracy;Essex;Essex;Essex;;;;;;;;;;;x;
ESX_conservative_92;Conservatives;Conservatives;Conservatives;;;;;;;;;;;x;
ESX_liberal_79;Liberals;Liberals;Liberals;;;;;;;;;;;x;
ESX_liberal_87;National Liberals;National Liberals;National Liberals;;;;;;;;;;;x;
ESX_socialist_85;Socialists;Socialists;Socialists;;;;;;;;;;;x;
ESX_socialist_99;National Socialists;National Socialists;National Socialists;;;;;;;;;;;x;
ESX_reactionary_84;Monarchy Leadership;Monarchy Leadership;Monarchy Leadership;;;;;;;;;;;x;
ESX_anarcho_liberal_93;Radical Liberals;Radical Liberals;Radical Liberals;;;;;;;;;;;x;
ESX_communist_86;Communists;Communists;Communists;;;;;;;;;;;x;
ESX_fascist_72;Fascists;Fascists;Fascists;;;;;;;;;;;x;
KNT_ADJ;Kentian;Kentian;Kentian;;;;;;;;;;;x;
KNT;Kent;Kent;Kent;;;;;;;;;;;x;
KNT_proletarian_dictatorship;Kent;Kent;Kent;;;;;;;;;;;x;
KNT_presidential_dictatorship;Kent;Kent;Kent;;;;;;;;;;;x;
KNT_bourgeois_dictatorship;Kent;Kent;Kent;;;;;;;;;;;x;
KNT_fascist_dictatorship;Kent;Kent;Kent;;;;;;;;;;;x;
KNT_absolute_monarchy;Kent;Kent;Kent;;;;;;;;;;;x;
KNT_prussian_constitutionalism;Kent;Kent;Kent;;;;;;;;;;;x;
KNT_hms_government;Kent;Kent;Kent;;;;;;;;;;;x;
KNT_democracy;Kent;Kent;Kent;;;;;;;;;;;x;
KNT_conservative_92;Conservatives;Conservatives;Conservatives;;;;;;;;;;;x;
KNT_liberal_79;Liberals;Liberals;Liberals;;;;;;;;;;;x;
KNT_liberal_87;National Liberals;National Liberals;National Liberals;;;;;;;;;;;x;
KNT_socialist_85;Socialists;Socialists;Socialists;;;;;;;;;;;x;
KNT_socialist_99;National Socialists;National Socialists;National Socialists;;;;;;;;;;;x;
KNT_reactionary_84;Monarchy Leadership;Monarchy Leadership;Monarchy Leadership;;;;;;;;;;;x;
KNT_anarcho_liberal_93;Radical Liberals;Radical Liberals;Radical Liberals;;;;;;;;;;;x;
KNT_communist_86;Communists;Communists;Communists;;;;;;;;;;;x;
KNT_fascist_72;Fascists;Fascists;Fascists;;;;;;;;;;;x;
ENG;Jorvik;Jorvik;Jorvik;;;;;;;;;;;x;
ENG_ADJ;Jorvik;Jorvik;Jorvik;;;;;;;;;;;x;
ENG_proletarian_dictatorship;Jorvik Commonwealth;Jorvik Commonwealth;Jorvik Commonwealth;;;;;;;;;;;x;
ENG_presidential_dictatorship;Republic of Jorvik;Republic of Jorvik;Republic of Jorvik;;;;;;;;;;;x;
ENG_bourgeois_dictatorship;Republic of Jorvik;Republic of Jorvik;Republic of Jorvik;;;;;;;;;;;x;
ENG_fascist_dictatorship;Republic of Jorvik;Republic of Jorvik;Republic of Jorvik;;;;;;;;;;;x;
ENG_absolute_monarchy;Kingdom of Jorvik;Kingdom of Jorvik;Kingdom of Jorvik;;;;;;;;;;;x;
ENG_prussian_constitutionalism;Kingdom of Jorvik;Kingdom of Jorvik;Kingdom of Jorvik;;;;;;;;;;;x;
ENG_hms_government;Kingdom of Jorvik;Kingdom of Jorvik;Kingdom of Jorvik;;;;;;;;;;;x;
ENG_democracy;Republic of Jorvik;Republic of Jorvik;Republic of Jorvik;;;;;;;;;;;x;
ALH;Al-Ahsa;;;;;;;;;;;;;;x;;;;;;;;;;;;;;
ALH_absolute_monarchy;Al-Ahsa;;;;;;;;;;;;x
ALH_hms_government;Al-Ahsa;;;;;;;;;;;;x
ALH_prussian_constitutionalism;Al-Ahsa;;;;;;;;;;;;x
ALH_republic;Al-Ahsa;;;;;;;;;;;;x
ALH_ADJ;Ahsan;;;;;;;;;;;;;;x;;;;;;;;;;;;;;
TKS;Turan;;;;;;;;;;;;;;x;;;;;;;;;;;;;;
TKS_ADJ;Turanian;;;;;;;;;;;;;;x;;;;;;;;;;;;;;
MDS;Medistan;;;;;;;;;;;;;;x;;;;;;;;;;;;;;
MDS_absolute_monarchy;Median Empire;;;;;;;;;;;;x
MDS_hms_government;Median Empire;;;;;;;;;;;;x
MDS_prussian_constitutionalism;Median Empire;;;;;;;;;;;;x
MDS_republic;Medistan;;;;;;;;;;;;x
MDS_ADJ;Median;;;;;;;;;;;;;;x;;;;;;;;;;;;;;
RUM;Anatolia;;;;;;;;;;;;;;x;;;;;;;;;;;;;;
RUM_absolute_monarchy;Rum Sultanate;;;;;;;;;;;;x
RUM_hms_government;Rum Sultanate;;;;;;;;;;;;x
RUM_prussian_constitutionalism;Rum Sultanate;;;;;;;;;;;;x
RUM_republic;Anatolia;;;;;;;;;;;;x
RUM_ADJ;Rumi;;;;;;;;;;;;;;x;;;;;;;;;;;;;;
TCA;UNC;;;;;;;;;;;;;;x;;;;;;;;;;;;;;
TCA_absolute_monarchy;Caucasian Imamate;;;;;;;;;;;;x
TCA_hms_government;Caucasian Imamate;;;;;;;;;;;;x
TCA_prussian_constitutionalism;Caucasian Imamate;;;;;;;;;;;;x
TCA_republic;UNC;;;;;;;;;;;;x
TCA_ADJ;Caucasian;;;;;;;;;;;;;;x;;;;;;;;;;;;;;
ALW;Aghwank;;;;;;;;;;;;;;x;;;;;;;;;;;;;;
ALW_ADJ;Aghwank;;;;;;;;;;;;;;x;;;;;;;;;;;;;;
GJR;Gujarat;;;;;;;;;;;;;;x;;;;;;;;;;;;;;
GJR_ADJ;Gujarati;;;;;;;;;;;;;;x;;;;;;;;;;;;;;
DCC;Deccan;;;;;;;;;;;;;;x;;;;;;;;;;;;;;
DCC_ADJ;Deccani;;;;;;;;;;;;;;x;;;;;;;;;;;;;;
WDD;Waddai;;;;;;;;;;;;;;x;;;;;;;;;;;;;;
WDD_ADJ;Waddaian;;;;;;;;;;;;;;x;;;;;;;;;;;;;;
TOO;Fulani Imamate;;;;;;;;;;;;;;x;;;;;;;;;;;;;;
TOO_absolute_monarchy;Fulani Sultanate;;;;;;;;;;;;x
TOO_hms_government;Fulani Sultanate;;;;;;;;;;;;x
TOO_prussian_constitutionalism;Fulani Sultanate;;;;;;;;;;;;x
TOO_republic;Fulani Republic;;;;;;;;;;;;x
TOO_ADJ;Fulani;;;;;;;;;;;;;;x;;;;;;;;;;;;;;
TRZ;Mauretania;;;;;;;;;;;;;;x;;;;;;;;;;;;;;
TRZ_absolute_monarchy;Beni Hassan;;;;;;;;;;;;x
TRZ_hms_government;Beni Hassan;;;;;;;;;;;;x
TRZ_prussian_constitutionalism;Beni Hassan;;;;;;;;;;;;x
TRZ_republic;Mauretania;;;;;;;;;;;;x
TRZ_ADJ;Mauretanian;;;;;;;;;;;;;;x;;;;;;;;;;;;;;
BBB;Beni Abbas;;;;;;;;;;;;;;x;;;;;;;;;;;;;;
BBB_ADJ;Abbasid;;;;;;;;;;;;;;x;;;;;;;;;;;;;;
ZYD;Zayyanids;;;;;;;;;;;;;;x;;;;;;;;;;;;;;
ZYD_ADJ;Zayyanid;;;;;;;;;;;;;;x;;;;;;;;;;;;;;
MZB;M'zab;;;;;;;;;;;;;;x;;;;;;;;;;;;;;
MZB_ADJ;Mzabian;;;;;;;;;;;;;;x;;;;;;;;;;;;;;
MTF;Tafilalt;;;;;;;;;;;;;;x;;;;;;;;;;;;;;
MTF_ADJ;Tafilaltian;;;;;;;;;;;;;;x;;;;;;;;;;;;;;
TMB;Timbuktu;;;;;;;;;;;;;;x;;;;;;;;;;;;;;
TMB_colonial_company;Wilaya of Timbuktu;;;;;;;;;;;;x
TRZ_ADJ;Timbuktian;;;;;;;;;;;;;;x;;;;;;;;;;;;;;
TBT;Tibesti;;;;;;;;;;;;;;x;;;;;;;;;;;;;;
TBT_ADJ;Tibestian;;;;;;;;;;;;;;x;;;;;;;;;;;;;;
FTM;Fatimid Caliphate;;;;;;;;;;;;;;x;;;;;;;;;;;;;;
FTM_ADJ;Fatimid;;;;;;;;;;;;;;x;;;;;;;;;;;;;;
NYE;North Yemen;;;;;;;;;;;;;;x;;;;;;;;;;;;;;
NYE_absolute_monarchy;Qasimids;;;;;;;;;;;;x
NYE_hms_government;Qasimids;;;;;;;;;;;;x
NYE_prussian_constitutionalism;Qasimids;;;;;;;;;;;;x
NYE_ADJ;Qasimid;;;;;;;;;;;;;;x;;;;;;;;;;;;;;
AZH;Anizzah;;;;;;;;;;;;;;x;;;;;;;;;;;;;;
AZH_absolute_monarchy;Anizzah Sheikhdom;;;;;;;;;;;;x
AZH_hms_government;Anizzah Sheikhdom;;;;;;;;;;;;x
AZH_prussian_constitutionalism;Anizzah Sheikhdom;;;;;;;;;;;;x
AZH_ADJ;Anizzah;;;;;;;;;;;;;;x;;;;;;;;;;;;;;
SYR;Sham;;;;;;;;;;;;;;x;;;;;;;;;;;;;;
SYR_absolute_monarchy;Sham;;;;;;;;;;;;x
SYR_hms_government;Sham;;;;;;;;;;;;x
SYR_prussian_constitutionalism;Sham;;;;;;;;;;;;x
SYR_ADJ;Shami;;;;;;;;;;;;;;x;;;;;;;;;;;;;;
SLV_absolute_monarchy;Nitra;;;;;;;;;;;;x
SLV_hms_government;Nitra;;;;;;;;;;;;x
SLV_prussian_constitutionalism;Nitra;;;;;;;;;;;;x
KRA_absolute_monarchy;Malopolska;;;;;;;;;;;;x
KRA_hms_government;Malopolska;;;;;;;;;;;;x
KRA_prussian_constitutionalism;Malopolska;;;;;;;;;;;;x
KRA;Malopolska;;;;;;;;;;;;x
KRA_democracy;Malopolska;;;;;;;;;;;;x
CPL_absolute_monarchy;Masovia;;;;;;;;;;;;x
CPL_hms_government;Masovia;;;;;;;;;;;;x
CPL_prussian_constitutionalism;Masovia;;;;;;;;;;;;x
CPL_democracy;Masovia;;;;;;;;;;;;x
GER_absolute_monarchy;The Kingdom of Germany;;;;;;;;;;;;x
GER_hms_government;The Kingdom of Germany;;;;;;;;;;;;x
GER_prussian_constitutionalism;The Kingdom of Germany;;;;;;;;;;;;x
AST;Suori jöro;;;;;;;;;;;;x
AST_absolute_monarchy;Suori jöro;;;;;;;;;;;;x
AST_hms_government;Suori jöro;;;;;;;;;;;;x
AST_prussian_constitutionalism;Suori jöro;;;;;;;;;;;;x
AST_democracy;Suori jöro;;;;;;;;;;;;x
AST_proleterian_dictatorship;Suori jöro;;;;;;;;;;;;x
AST_fascist_dictatorship;Suori jöro;;;;;;;;;;;;x
AST_colonial_company;Suori jöro;;;;;;;;;;;;x
AST_dominion;Suori jöro;;;;;;;;;;;;x
VGR_ADJ;Vagr;Vagr;Vagr;;;;;;;;;;;x;
VGR;Vagrland;Vagrland;Vagrland;;;;;;;;;;;x;
VGR_proletarian_dictatorship;Vagrland;Vagrland;Vagrland;;;;;;;;;;;x;
VGR_presidential_dictatorship;Vagrland;Vagrland;Vagrland;;;;;;;;;;;x;
VGR_bourgeois_dictatorship;Vagrland;Vagrland;Vagrland;;;;;;;;;;;x;
VGR_fascist_dictatorship;Vagrland;Vagrland;Vagrland;;;;;;;;;;;x;
VGR_absolute_monarchy;Vagrland;Vagrland;Vagrland;;;;;;;;;;;x;
VGR_prussian_constitutionalism;Vagrland;Vagrland;Vagrland;;;;;;;;;;;x;
VGR_hms_government;Vagrland;Vagrland;Vagrland;;;;;;;;;;;x;
VGR_democracy;Vagrland;Vagrland;Vagrland;;;;;;;;;;;x;
VGR_conservative_92;Conservatives;Conservatives;Conservatives;;;;;;;;;;;x;
VGR_liberal_79;Liberals;Liberals;Liberals;;;;;;;;;;;x;
VGR_liberal_87;National Liberals;National Liberals;National Liberals;;;;;;;;;;;x;
VGR_socialist_85;Socialists;Socialists;Socialists;;;;;;;;;;;x;
VGR_socialist_99;National Socialists;National Socialists;National Socialists;;;;;;;;;;;x;
VGR_reactionary_78;Reactionaries;Reactionaries;Reactionaries;;;;;;;;;;;x;
VGR_anarcho_liberal_93;Radical Liberals;Radical Liberals;Radical Liberals;;;;;;;;;;;x;
VGR_communist_86;Communists;Communists;Communists;;;;;;;;;;;x;
VGR_fascist_72;Fascists;Fascists;Fascists;;;;;;;;;;;x;
ANC;Ancona;;;;;;;;;;;;x
ANC_ADJ;Anconan;;;;;;;;;;;;x
ANC_democracy;Republic of Ancona;;;;;;;;;;;;x
SWI;Milan;;;;;;;;;;;;x
SWI_democracy;Golden Ambrosian Republic;;;;;;;;;;;;x
SWI_ADJ;Ambrosian;;;;;;;;;;;;x
SNA;Siena;;;;;;;;;;;;x
SNA_ADJ;Sienese;;;;;;;;;;;;x
SNA_democracy;Republic of Siena;;;;;;;;;;;;x
TUS;Florence;;;;;;;;;;;;x
TUS_ADJ;Florentine;;;;;;;;;;;;x
TUS_democracy;Florentine Republic;;;;;;;;;;;;x
ABA;Alba;;;;;;;;;;;;x
ABA_ADJ;Alban;;;;;;;;;;;;x
FRR;Ferrara;;;;;;;;;;;;x
FRR_ADJ;Ferraran;;;;;;;;;;;;x
MTU;Mantua;;;;;;;;;;;;x
MTU_ADJ;Mantuan;;;;;;;;;;;;x
MTU_absolute_monarchy;The Duchy of Mantua;;;;;;;;;;;;x
MTU_prussian_constitutionalism;The Duchy of Mantua;;;;;;;;;;;;x
MTU_hms_government;The Duchy of Mantua;;;;;;;;;;;;x
RGU;Ragusa;;;;;;;;;;;;x
RGU_democracy;Republic of Ragusa;;;;;;;;;;;;x
RGU_ADJ;Ragusan;;;;;;;;;;;;x
NLI;Noli;;;;;;;;;;;;x
NLI_democracy;The Republic of Noli;;;;;;;;;;;;x
NLI_ADJ;Nolian;;;;;;;;;;;;x
ATI;Asti;;;;;;;;;;;;x
ATI_ADJ;Astese;;;;;;;;;;;;x
MFT;Montferrat;;;;;;;;;;;;x
MFT_ADJ;Montferratese;;;;;;;;;;;;x
PVI;Pavia;;;;;;;;;;;;x
PVI_ADJ;Pavian;;;;;;;;;;;;x
MML;Mamluks;;;;;;;;;;;;;;x;;;;;;;;;;;;;;
MML_absolute_monarchy;Mamluks;;;;;;;;;;;;x
MML_hms_government;Mamluks;;;;;;;;;;;;x
MML_prussian_constitutionalism;Mamluks;;;;;;;;;;;;x
MML_ADJ;Mamlukian;;;;;;;;;;;;;;x;;;;;;;;;;;;;;
DMC;Damascus;;;;;;;;;;;;;;x;;;;;;;;;;;;;;
DMC_colonial_company;Wilaya of Damascus;;;;;;;;;;;;x
DMC_absolute_monarchy;Damascus Emirate;;;;;;;;;;;;x
DMC_hms_government;Damascus Emirate;;;;;;;;;;;;x
DMC_prussian_constitutionalism;Damascus Emirate;;;;;;;;;;;;x
DMC_ADJ;Damascusian;;;;;;;;;;;;;;x;;;;;;;;;;;;;;
TRI_colonial_company;Wilaya of Tripoli;;;;;;;;;;;;x
MDB;Medri Bahri;;;;;;;;;;;;;;x;;;;;;;;;;;;;;
MDB_absolute_monarchy;Medri Bahri;;;;;;;;;;;;x
MDB_hms_government;Medri Bahri;;;;;;;;;;;;x
MDB_prussian_constitutionalism;Medri Bahri;;;;;;;;;;;;x
MDB_ADJ;Bahrian;;;;;;;;;;;;;;x;;;;;;;;;;;;;;
AGW;Agew;;;;;;;;;;;;;;x;;;;;;;;;;;;;;
AGW_ADJ;Agewi;;;;;;;;;;;;;;x;;;;;;;;;;;;;;
GJM;Gojjam;;;;;;;;;;;;;;x;;;;;;;;;;;;;;
GJM_ADJ;Gojjami;;;;;;;;;;;;;;x;;;;;;;;;;;;;;
INY;Innarya;;;;;;;;;;;;;;x;;;;;;;;;;;;;;
INY_ADJ;Innaryi;;;;;;;;;;;;;;x;;;;;;;;;;;;;;
MLO;Mello;;;;;;;;;;;;;;x;;;;;;;;;;;;;;
MLO_ADJ;Melloyi;;;;;;;;;;;;;;x;;;;;;;;;;;;;;
ORM;Oromiya;;;;;;;;;;;;;;x;;;;;;;;;;;;;;
ORM_absolute_monarchy;Bale;;;;;;;;;;;;x
ORM_hms_government;Bale;;;;;;;;;;;;x
ORM_prussian_constitutionalism;Bale;;;;;;;;;;;;x
ORM_ADJ;Oromiyan;;;;;;;;;;;;;;x;;;;;;;;;;;;;;
OGD;Ogaden;;;;;;;;;;;;;;x;;;;;;;;;;;;;;
OGD_absolute_monarchy;Makahil;;;;;;;;;;;;x
OGD_hms_government;Makahil;;;;;;;;;;;;x
OGD_prussian_constitutionalism;Makahil;;;;;;;;;;;;x
OGD_ADJ;Ogadenian;;;;;;;;;;;;;;x;;;;;;;;;;;;;;
SMN;Semien;;;;;;;;;;;;;;x;;;;;;;;;;;;;;
SMN_ADJ;Semienian;;;;;;;;;;;;;;x;;;;;;;;;;;;;;
RRI;Rer Ishak;;;;;;;;;;;;;;x;;;;;;;;;;;;;;
RRI_ADJ;Ishakian;;;;;;;;;;;;;;x;;;;;;;;;;;;;;
JMM;Jimma;;;;;;;;;;;;;;x;;;;;;;;;;;;;;
JMM_ADJ;Jimmayan;;;;;;;;;;;;;;x;;;;;;;;;;;;;;
ADL;Adal;;;;;;;;;;;;;;x;;;;;;;;;;;;;;
ADL_absolute_monarchy;Adal Sultanate;;;;;;;;;;;;x
ADL_hms_government;Adal Sultanate;;;;;;;;;;;;x
ADL_prussian_constitutionalism;Adal Sultanate;;;;;;;;;;;;x
ADL_ADJ;Adali;;;;;;;;;;;;;;x;;;;;;;;;;;;;;
JWE;Beta Isreal;;;;;;;;;;;;;;x;;;;;;;;;;;;;;
JWE_absolute_monarchy;Kingdom of Solomon;;;;;;;;;;;;x
JWE_hms_government;Kingdom of Solomon;;;;;;;;;;;;x
JWE_prussian_constitutionalism;Kingdom of Solomon;;;;;;;;;;;;x
JWE_ADJ;Judean;;;;;;;;;;;;;;x;;;;;;;;;;;;;;
WLL_ADJ;Hainaut;Hainaut;Hainaut;;;;;;;;;;;x;
WLL;Hainaut;Hainaut;Hainaut;;;;;;;;;;;x;
WLL_proletarian_dictatorship;Hainaut;Hainaut;Hainaut;;;;;;;;;;;x;
WLL_presidential_dictatorship;Hainaut;Hainaut;Hainaut;;;;;;;;;;;x;
WLL_bourgeois_dictatorship;Hainaut;Hainaut;Hainaut;;;;;;;;;;;x;
WLL_fascist_dictatorship;Hainaut;Hainaut;Hainaut;;;;;;;;;;;x;
WLL_absolute_monarchy;Hainaut;Hainaut;Hainaut;;;;;;;;;;;x;
WLL_prussian_constitutionalism;Hainaut;Hainaut;Hainaut;;;;;;;;;;;x;
WLL_hms_government;Hainaut;Hainaut;Hainaut;;;;;;;;;;;x;
WLL_democracy;Hainaut;Hainaut;Hainaut;;;;;;;;;;;x;
SGF_ADJ;Lotharingia;Lotharingia;Lotharingia;;;;;;;;;;;x;
SGF;Lotharingia;Lotharingia;Lotharingia;;;;;;;;;;;x;
SGF_proletarian_dictatorship;Lotharingia;Lotharingia;Lotharingia;;;;;;;;;;;x;
SGF_presidential_dictatorship;Lotharingia;Lotharingia;Lotharingia;;;;;;;;;;;x;
SGF_bourgeois_dictatorship;Lotharingia;Lotharingia;Lotharingia;;;;;;;;;;;x;
SGF_fascist_dictatorship;Lotharingia;Lotharingia;Lotharingia;;;;;;;;;;;x;
SGF_absolute_monarchy;Lotharingia;Lotharingia;Lotharingia;;;;;;;;;;;x;
SGF_prussian_constitutionalism;Lotharingia;Lotharingia;Lotharingia;;;;;;;;;;;x;
SGF_hms_government;Lotharingia;Lotharingia;Lotharingia;;;;;;;;;;;x;
SGF_democracy;Lotharingia;Lotharingia;Lotharingia;;;;;;;;;;;x;
ATH_ADJ;Athenian;Athenian;Athenian;;;;;;;;;;;x;
ATH;Athens;Athens;Athens;;;;;;;;;;;x;
ATH_proletarian_dictatorship;Athens;Athens;Athens;;;;;;;;;;;x;
ATH_presidential_dictatorship;Athens;Athens;Athens;;;;;;;;;;;x;
ATH_bourgeois_dictatorship;Athens;Athens;Athens;;;;;;;;;;;x;
ATH_fascist_dictatorship;Athens;Athens;Athens;;;;;;;;;;;x;
ATH_absolute_monarchy;Athens;Athens;Athens;;;;;;;;;;;x;
ATH_prussian_constitutionalism;Athens;Athens;Athens;;;;;;;;;;;x;
ATH_hms_government;Athens;Athens;Athens;;;;;;;;;;;x;
ATH_democracy;Athens;Athens;Athens;;;;;;;;;;;x;
ATH_conservative_92;Conservatives;Conservatives;Conservatives;;;;;;;;;;;x;
ATH_liberal_79;Liberals;Liberals;Liberals;;;;;;;;;;;x;
ATH_liberal_87;National Liberals;National Liberals;National Liberals;;;;;;;;;;;x;
ATH_socialist_85;Socialists;Socialists;Socialists;;;;;;;;;;;x;
ATH_socialist_99;National Socialists;National Socialists;National Socialists;;;;;;;;;;;x;
ATH_reactionary_84;Monarchy Leadership;Monarchy Leadership;Monarchy Leadership;;;;;;;;;;;x;
ATH_anarcho_liberal_93;Radical Liberals;Radical Liberals;Radical Liberals;;;;;;;;;;;x;
ATH_communist_86;Communists;Communists;Communists;;;;;;;;;;;x;
ATH_fascist_72;Fascists;Fascists;Fascists;;;;;;;;;;;x;
MRE_ADJ;Morean;Morean;Morean;;;;;;;;;;;x;
MRE;Morea;Morea;Morea;;;;;;;;;;;x;
MRE_proletarian_dictatorship;Morea;Morea;Morea;;;;;;;;;;;x;
MRE_presidential_dictatorship;Morea;Morea;Morea;;;;;;;;;;;x;
MRE_bourgeois_dictatorship;Morea;Morea;Morea;;;;;;;;;;;x;
MRE_fascist_dictatorship;Morea;Morea;Morea;;;;;;;;;;;x;
MRE_absolute_monarchy;Morea;Morea;Morea;;;;;;;;;;;x;
MRE_prussian_constitutionalism;Morea;Morea;Morea;;;;;;;;;;;x;
MRE_hms_government;Morea;Morea;Morea;;;;;;;;;;;x;
MRE_democracy;Morea;Morea;Morea;;;;;;;;;;;x;
MRE_conservative_92;Conservatives;Conservatives;Conservatives;;;;;;;;;;;x;
MRE_liberal_79;Liberals;Liberals;Liberals;;;;;;;;;;;x;
MRE_liberal_87;National Liberals;National Liberals;National Liberals;;;;;;;;;;;x;
MRE_socialist_85;Socialists;Socialists;Socialists;;;;;;;;;;;x;
MRE_socialist_99;National Socialists;National Socialists;National Socialists;;;;;;;;;;;x;
MRE_reactionary_84;Monarchy Leadership;Monarchy Leadership;Monarchy Leadership;;;;;;;;;;;x;
MRE_anarcho_liberal_93;Radical Liberals;Radical Liberals;Radical Liberals;;;;;;;;;;;x;
MRE_communist_86;Communists;Communists;Communists;;;;;;;;;;;x;
MRE_fascist_72;Fascists;Fascists;Fascists;;;;;;;;;;;x;
EPI;Epirus;;;;;;;;;;;x;
EPI_ADJ;Epirote;;;;;;;;;;;x;