EVTNAME9900;Trouble in Anatolia;;;;;;;;;;;;;x,,,,,,,,,,,,,,,,,,,,,,
EVTNAME9900;Trouble in Anatolia;;;;;;;;;;;;;x,,,,,,,,,,,,,,,,,,,,,,
EVTDESC9900;Tensions in Anatolia and Transcaucasia have always been troublesome. The Turks of Anatolia always had their own mind and were only de facto a part of our empire. In recent years relations between these tribes and Herat have gotten even worse. With a lot of Turks beeing upset about conversion attempts and increasing centralisation policies, many fear that their old ways of living are threatend by our autorities. Even the few city dwellers, inspired by events in Europe, demand turkish self determination!;;;;;;;;;;;;;x,,,,,,,,,,,,,,,,,,,,,,
EVT9900OPTA;This needs to be stopped, we cant let this get out of control!;;;;;;;;;;;;;x,,,,,,,,,,,,,,,,,,,,,,
EVT9900OPTB;Down with the Timurids!;;;;;;;;;;;;;x,,,,,,,,,,,,,,,,,,,,,,
EVTNAME9911;War in Anatolia;;;;;;;;;;;;;x,,,,,,,,,,,,,,,,,
EVTDESC9911;The situation in Anatolia is now completely out of our hands. The turkish tribes of Anatolia have promised their support to the Karaman Bey, if we decide to take actions against their aggressive expansion. However, not intervening in this conflict isn't an option, as it would show the cracks within our nation and society.;;;;;;;;;;;;;x,,,,,,,,,,,,,,,,,
EVT9911OPTA;We have to restore the order in Anatolia!;;;;;;;;;;;;;x,,,,,,,,,,,,,,,,,,,,,,
EVTNAME9901;Reincorporate the Kurds;;;;;;;;;;;;;x,,,,,,,,,,,,,,,,,
EVTDESC9901;With the Timurids having lost control over Anatolia we should remove the last supporter of their power in the region, the Kurds.;;;;;;;;;;;;;x,,,,,,,,,,,,,,,,,
EVT9901OPTA;Rally the tribes!;;;;;;;;;;;;;x,,,,,,,,,,,,,,,,,,,,,,
EVTNAME666000;The Confederation;;;;;;;;;;;;;x,,,,,,,,,,,,,,,,,,,,,,
EVTDESC666000;Nations which are part of the German Confederation are only influenced by the parliament in Aachen. (Gameplaynote: This event exists to ensure german minors dont get sphered by other GPs);;;;;;;;;;;;;x,,,,,,,,,,,,,,,,,,,,,,
EVTNAME666001;The Fall of Bern;;;;;;;;;;;;;x,,,,,,,,,,,,,,,,,,,,,,
EVTDESC666001;With the recent capture of Bern King Wilhelm of Swabia not only challenged the saxon emporer, but also the Pan-German Parliament. The King of Burgundy demands an intervention and most members of the Parliament seem to agree. The public is outraged and the decision will have consequences either way.;;;;;;;;;;;;;x,,,,,,,,,,,,,,,,,,,,,,
EVTOPTA666001;The results are clear, the Parliament stands with Burgundy!;;;;;;;;;;;;;x,,,,,,,,,,,,,,,,,,,,,,
EVTNAME666001;The results are clear, the Parliament rejects the burgundian demand!;;;;;;;;;;;;;x,,,,,,,,,,,,,,,,,,,,,,
EVTNAME666005;The Parliament rejects an intervention;;;;;;;;;;;;;x,,,,,,,,,,,,,,,,,,,,,,
EVTDESC666005;The Confederation proved to not be able to protect it's members. We dont want to part of this failing state.;;;;;;;;;;;;;x,,,,,,,,,,,,,,,,,,,,,,
EVTOPTA666005;Burgundy stands on it's own!;;;;;;;;;;;;;x,,,,,,,,,,,,,,,,,,,,,,
EVTNAME666002;The Parliament demands an intervention;;;;;;;;;;;;;x,,,,,,,,,,,,,,,,,,,,,,
EVTDESC666002;After a heated discussion the Parliament decided to agree to the burgundian pled and now demands that the Emperor intervenes on behalf of Burgundy. ;;;;;;;;;;;;;x,,,,,,,,,,,,,,,,,,,,,,
EVTOPTA666002;We stand with the will of the people and the burgundian king!;;;;;;;;;;;;;x,,,,,,,,,,,,,,,,,,,,,,
EVTOPTB666002;This is outrageous, we will not attack our brother nation!;;;;;;;;;;;;;x,,,,,,,,,,,,,,,,,,,,,,
EVTNAME666003;The Emperor stands with us!;;;;;;;;;;;;;x,,,,,,,,,,,,,,,,,,,,,,
EVTDESC666003;After successfully gaining support from the Parliament the Emperor decided to condem the swabian aggression, demanding the preservation of the status quo.;;;;;;;;;;;;;x,,,,,,,,,,,,,,,,,,,,,,
EVTOPTA666003;Our faith in the confederation is restored!;;;;;;;;;;;;;x,,,,,,,,,,,,,,,,,,,,,,
EVTNAME666004;The Emperor threatens to intervene!;;;;;;;;;;;;;x,,,,,,,,,,,,,,,,,,,,,,
EVTDESC666004;After the burgundian king successfully gaining support from the Parliament the Emperor decided to condem the our "aggression", demanding the preservation of the status quo. ;;;;;;;;;;;;;x,,,,,,,,,,,,,,,,,,,,,,
EVTOPTA666004;We have dont have a choice, this is a lost cause.;;;;;;;;;;;;;x,,,,,,,,,,,,,,,,,,,,,,
EVTOPTB666004;Pah! Our war is righteous! We are prepared, not even the so called "Emperor" will change the ties - onwards to Lyon!;;;;;;;;;;;;;x,,,,,,,,,,,,,,,,,,,,,,
EVTNAME666420;Tribal Raid;;;;;;;;;;;;;x,,,,,,,,,,,,,,,,,,,,,,
EVTDESC666420;The tribes are once again gathering to plunder neighbouring provinces.;;;;;;;;;;;;;x,,,,,,,,,,,,,,,,,
EVT666420OPTA;Give them permission.;;;;;;;;;;;;;x,,,,,,,,,,,,,,,,,,,,,,
EVT666420OPTB;The timing isn't right.;;;;;;;;;;;;;x,,,,,,,,,,,,,,,,,,,,,,
EVTNAME666421;Raiding results;;;;;;;;;;;;;x,,,,,,,,,,,,,,,,,
EVTDESC666421;Our men were successfull!;;;;;;;;;;;;;x,,,,,,,,,,,,,,,,,
EVT666421OPTA;This will help us to feed the troops.;;;;;;;;;;;;;x,,,,,,,,,,,,,,,,,,,,,,
EVTNAME666432;Kazan has fallen!;;;;;;;;;;;;;x,,,,,,,,,,,,,,,,,,,,,,
EVTDESC666432;Following the Muscovite Revolution the newly formed Triumvirate proclaimed that the Tatar threat will come to an end. Any Tatar aggression would be answered by swift revenge. Our old and fateful ally, the Kazan Khanate now was the first to experience this. Not only was the Khan and it's entire family killed after the capture of the capital, but also were thousends of Muslims massacred. We need to act quick, this new shift in the balance of power could be devastating for us.;;;;;;;;;;;;;x,,,,,,,,,,,,,,,,,
EVT666432OPTA;Send messengers to the Khans! We need to stand together in times like this!;;;;;;;;;;;;;x,,,,,,,,,,,,,,,,,,,,,,
EVT666432OPTB;There is no need to act, they are just Russians.;;;;;;;;;;;;;x,,,,,,,,,,,,,,,,,,,,,,
EVTNAME666433;Crimea wants to reconsile!;;;;;;;;;;;;;x,,,,,,,,,,,,,,,,,,,,,,
EVTDESC666433;The Khan of Crimea requests that we should recreate the great Altin Ordu, as it would be the only way to stop russian imperialism.;;;;;;;;;;;;;x,,,,,,,,,,,,,,,,,
EVT666433OPTA;We will accept the crimean request! The Russians will pay for what they did!;;;;;;;;;;;;;x,,,,,,,,,,,,,,,,,,,,,,
EVT666433OPTB;Reconsile with Crimea? We are better of alone.;;;;;;;;;;;;;x,,,,,,,,,,,,,,,,,,,,,,
EVTNAME666437;Astrakhan rejects!;;;;;;;;;;;;;x,,,,,,,,,,,,,,,,,,,,,,
EVTDESC666437;The Khan of Astrakhan has rejected our humble offer.;;;;;;;;;;;;;x,,,,,,,,,,,,,,,,,
EVT666437OPTA;We will unite the Khanates by all means.;;;;;;;;;;;;;x,,,,,,,,,,,,,,,,,,,,,,
EVT666437OPTB;The Khan of Astrakhan is fool!;;;;;;;;;;;;;x,,,,,,,,,,,,,,,,,,,,,,
EVTNAME666436;Astrakhan accepts!;;;;;;;;;;;;;x,,,,,,,,,,,,,,,,,,,,,,
EVTDESC666436;The Khan of Astrakhan has accepted our proposal!;;;;;;;;;;;;;x,,,,,,,,,,,,,,,,,
EVT666436OPTA;May our united banners strike fear into the Russians once again!;;;;;;;;;;;;;x,,,,,,,,,,,,,,,,,,,,,,
EVTNAME666439;Nogay rejects!;;;;;;;;;;;;;x,,,,,,,,,,,,,,,,,,,,,,
EVTDESC666439;The Khan of Nogay has rejected our humble offer.;;;;;;;;;;;;;x,,,,,,,,,,,,,,,,,
EVT666439OPTA;We will unite the Khanates by all means.;;;;;;;;;;;;;x,,,,,,,,,,,,,,,,,,,,,,
EVT666439OPTB;The Khan of Nogay is fool!;;;;;;;;;;;;;x,,,,,,,,,,,,,,,,,,,,,,
EVTNAME666438;Nogay accepts!;;;;;;;;;;;;;x,,,,,,,,,,,,,,,,,,,,,,
EVTDESC666438;The Khan of Nogay has accepted our proposal!;;;;;;;;;;;;;x,,,,,,,,,,,,,,,,,
EVT666438OPTA;May our united banners strike fear into the Russians once again!;;;;;;;;;;;;;x,,,,,,,,,,,,,,,,,,,,,,
EVTNAME666441;Qashliq rejects!;;;;;;;;;;;;;x,,,,,,,,,,,,,,,,,,,,,,
EVTDESC666441;The Khan of Qashliq has rejected our humble offer.;;;;;;;;;;;;;x,,,,,,,,,,,,,,,,,
EVT666441OPTA;We will unite the Khanates by all means.;;;;;;;;;;;;;x,,,,,,,,,,,,,,,,,,,,,,
EVT666441OPTB;The Khan of Qashliq is fool!;;;;;;;;;;;;;x,,,,,,,,,,,,,,,,,,,,,,
EVTNAME666440;Qashliq accepts!;;;;;;;;;;;;;x,,,,,,,,,,,,,,,,,,,,,,
EVTDESC666440;The Khan of Qashliq has accepted our proposal!;;;;;;;;;;;;;x,,,,,,,,,,,,,,,,,
EVT666440OPTA;May our united banners strike fear into the Russians once again!;;;;;;;;;;;;;x,,,,,,,,,,,,,,,,,,,,,,
EVTNAME676420;The Triumvirate;;;;;;;;;;;;;x,,,,,,,,,,,,,,,,,,,,,,
EVTDESC676420;Following years of opperession, hunger and suffering the people of Moscow stormed the Kremlin and captured the Grand Duke. Today three men were elected to lead our nation into a glorious future: The young, but exceptional general Feodor Skobelev, the charismatic Ivan Konstantinov, a diplomat through and through and the adament republican Lev Kuropatkin.;;;;;;;;;;;;;x,,,,,,,,,,,,,,,,,
EVT676420OPTA;A new age for our nation!;;;;;;;;;;;;;x,,,,,,,,,,,,,,,,,,,,,,
EVTNAME676420;End the Tatar Joke!;;;;;;;;;;;;;x,,,,,,,,,,,,,,,,,,,,,,
EVTDESC676420;For centuries the Tatars have raped and pillaged our lands, it is time to bring an end to their aggression. Our leaders have decided to act now and General Skobelev offered to lead the troops personally.;;;;;;;;;;;;;x,,,,,,,,,,,,,,,,,
EVT676420OPTA;Onwards to Kazan!;;;;;;;;;;;;;x,,,,,,,,,,,,,,,,,,,,,,
EVTNAME666434;Crimea wants to reconsile!;;;;;;;;;;;;;x,,,,,,,,,,,,,,,,,,,,,,
EVTNAME666435;Crimea wants to reconsile!;;;;;;;;;;;;;x,,,,,,,,,,,,,,,,,,,,,,
EVTNAME676422;Skobelev is successfull!;;;;;;;;;;;;;x,,,,,,,,,,,,,,,,,,,,,,
EVTDESC676422;The kazani threat is finally over, but the government is shocked by Skobelevs brutality and increasing ambition. As the capital Kazan surrenderd he order his men to massacre the cities muslim population and publicly executed the Khan and his family, due to his actions thousands of Kazanis have left the country seeking refugee in Anatolia and Iran. At the same time Skobelev gained the trust of the other military leaders and the former Russian Slaves of Kazan. He even refuses to return to the capital and reports have reached us that he portaits himself as a new monarchy, betraying our revolution. It seems that a coup, or even another civil war will be inevitable.;;;;;;;;;;;;;x,,,,,,,,,,,,,,,,,
EVT676422OPTA;These are truly terrifying news.;;;;;;;;;;;;;x,,,,,,,,,,,,,,,,,,,,,,
EVTNAME9902;Kazani Refugees!;;;;;;;;;;;;;x,,,,,,,,,,,,,,,,,,,,,,
EVTDESC9902;Following the musovite conquest of Kazan thousands of Kazani Shiites have fled the country, now seeking refugee in Iran.;;;;;;;;;;;;;x,,,,,,,,,,,,,,,,,
EVT9902OPTA;By Allah, grant them refuge!;;;;;;;;;;;;;x,,,,,,,,,,,,,,,,,,,,,,
EVTNAME9903;Kazani Refugees!;;;;;;;;;;;;;x,,,,,,,,,,,,,,,,,,,,,,
EVTDESC9903;Following the musovite conquest of Kazan thousands of Kazani Shiites have fled the country, now seeking refugee in our nation.;;;;;;;;;;;;;x,,,,,,,,,,,,,,,,,
EVT9903OPTA;By Allah, grant them refuge!;;;;;;;;;;;;;x,,,,,,,,,,,,,,,,,,,,,,
EVTNAME666442;Ufa asks for protection!;;;;;;;;;;;;;x,,,,,,,,,,,,,,,,,,,,,,
EVTDESC666442;In the wake of Skobelevs Rebellion an alliance of Bashkirs and Kazanis have declared their independance. As the rulers of the steppe it is our duty to help our brethern!;;;;;;;;;;;;;x,,,,,,,,,,,,,,,,,
EVT666442OPTA;We will defend Ufa!;;;;;;;;;;;;;x,,,,,,,,,,,,,,,,,,,,,,
EVT666442OPTB;The timing isn't right.;;;;;;;;;;;;;x,,,,,,,,,,,,,,,,,,,,,,
EVTNAME666443;Avenge Kazan!;;;;;;;;;;;;;x,,,,,,,,,,,,,,,,,,,,,,
EVTDESC666443;It is time to liberate our Tatar brothers!;;;;;;;;;;;;;x,,,,,,,,,,,,,,,,,
EVT666443OPTA;Onwards to Muscovy!;;;;;;;;;;;;;x,,,,,,,,,,,,,,,,,,,,,,
EVTNAME666446;The Chinese Respond!;;;;;;;;;;;;;x,,,,,,,,,,,,,,,,,,,,,,
EVTDESC666446;Our diplomats returned with a solid result. The chinese have accepted to concede major parts of Manchuria. Additionally an alliance and a trading agreement were agreed upon.;;;;;;;;;;;;;x,,,,,,,,,,,,,,,,,
EVT666446OPTA;These are good news, we accept the treaty!;;;;;;;;;;;;;x,,,,,,,,,,,,,,,,,,,,,,
EVT666446OPTB;This offer is insulting. We demand the entirety of the Amur River Basin, even if that means war!;;;;;;;;;;;;;x,,,,,,,,,,,,,,,,,,,,,,
EVTNAME9904;The Kazakh Exodus;;;;;;;;;;;;;x,,,,,,,,,,,,,,,,,,,,,,
EVTDESC9904;The revolting Kazakhs have been defeated and we finally reasserted our control in the Zheytsu region, but following our conquest the Kazakhs left their homes en masse. Their rulers declared a new Khanate in the western kazakh steppe!;;;;;;;;;;;;;x,,,,,,,,,,,,,,,,,
EVT9904OPTA;Outrageous!;;;;;;;;;;;;;x,,,,,,,,,,,,,,,,,,,,,,
EVTNAME666445;Our alliance is broken;;;;;;;;;;;;;x,,,,,,,,,,,,,,,,,,,,,,
EVTDESC666445;We lost. Our attempt to liberate Kazan ended in a disaster. Not only were our armies crushed, but now the Khans are rejecting our leading role. The future of the Steppe now lies in the hands of the Russians; The age of the Steppelords is over;;;;;;;;;;;;;x,,,,,,,,,,,,,,,,,
EVT666445OPTA;There is nothing we can do ...;;;;;;;;;;;;;x,,,,,,,,,,,,,,,,,,,,,,
EVTNAME666444;The Chinese Respond!;;;;;;;;;;;;;x,,,,,,,,,,,,,,,,,,,,,,
EVTDESC666444;Our diplomats returned with a exellent result. The chinese have accepted to concede large parts of Manchuria and much of the Amur Basin. Our new border shall run along the north of the Argun, up to the Nen and all the way down to Korea. Some exeptions were made for the cities of Qiqihar and Jilin, which shall remain within the Shun Empire. Additionally an alliance and a trading agreement were agreed upon.;;;;;;;;;;;;;x,,,,,,,,,,,,,,,,,
EVT666444OPTA;These are great news, we accept this generous treaty!;;;;;;;;;;;;;x,,,,,,,,,,,,,,,,,,,,,,
EVT666444OPTB;This offer is insulting. We demand the entirety of the Amur River Basin, even if that means war!;;;;;;;;;;;;;x,,,,,,,,,,,,,,,,,,,,,,
EVTNAME666447;The Chinese Respond!;;;;;;;;;;;;;x,,,,,,,,,,,,,,,,,,,,,,
EVTDESC666447;Our diplomats returned with a nothing but failure. The chinese only accepted to concede minor parts of Manchuria along the Amur River. Even trade agreements were declined!;;;;;;;;;;;;;x,,,,,,,,,,,,,,,,,
EVT666447OPTA;These are bad news, but if this prevents war we'll concede.;;;;;;;;;;;;;x,,,,,,,,,,,,,,,,,,,,,,
EVT666447OPTB;This offer is more than insulting. We demand the entirety of the Amur River Basin and reperations for such an outrageous act!;;;;;;;;;;;;;x,,,,,,,,,,,,,,,,,,,,,,
EVTNAME666448;The Khanate is crushed;;;;;;;;;;;;;x,,,,,,,,,,,,,,,,,,,,,,
EVTDESC666448;The Russians defeated our armies and reduced our Khanate to a mere rump state. Now even the Yedisan tribes reject the Khans rule and our control over the Circassians has vanished.;;;;;;;;;;;;;x,,,,,,,,,,,,,,,,,
EVT666448OPTA;We are now at the grace of the Russians...;;;;;;;;;;;;;x,,,,,,,,,,,,,,,,,,,,,,
EVTNAME676421;Sweden seizes control in Novgorod!;;;;;;;;;;;;;x,,,,,,,,,,,,,,,,,,,,,,
EVTDESC676421;The Swedes have taken more direct control in Novgorod. Our population is outraged and even our closest generals and advisors suggest an intervention.;;;;;;;;;;;;;x,,,,,,,,,,,,,,,,,
EVT676421OPTA;We'll put the Swedes in their place!;;;;;;;;;;;;;x,,,,,,,,,,,,,,,,,,,,,,
EVT676421OPTB;This is not the right time.;;;;;;;;;;;;;x,,,,,,,,,,,,,,,,,,,,,,
EVTNAME676423;Skobelev's Ultimatum;;;;;;;;;;;;;x,,,,,,,,,,,,,,,,,,,,,,
EVTDESC676423;General Skobelev has built a strong power base in Kazan and in most rural parts of Muscovy. He now demands our resignation and the establishment of a new Monarchy under his rule. While these demands are insulting and outraging, it seems like we dont have another choice if we want to avoid a civil war.;;;;;;;;;;;;;x,,,,,,,,,,,,,,,,,
EVT676423OPTA;The revolution has failed...;;;;;;;;;;;;;x,,,,,,,,,,,,,,,,,,,,,,
EVT676423OPTB;Liberty or Death!;;;;;;;;;;;;;x,,,,,,,,,,,,,,,,,,,,,,
EVTNAME676425;The march to Moscow!;;;;;;;;;;;;;x,,,,,,,,,,,,,,,,,,,,,,
EVTDESC676425;These fools have rejected our ultimatum. Now that Diplomacy has failed it's time for the Military to act!;;;;;;;;;;;;;x,,,,,,,,,,,,,,,,,
EVT676425OPTA;For Skobelev!;;;;;;;;;;;;;x,,,,,,,,,,,,,,,,,,,,,,
EVTNAME676426;Resist Russian Rule!;;;;;;;;;;;;;x,,,,,,,,,,,,,,,,,,,,,,
EVTDESC676426;The conquest of Kazan left the former areas of the Khanate in turmoil and devastation. We need to end forgein rule over our people!;;;;;;;;;;;;;x,,,,,,,,,,,,,,,,,
EVT676426OPTA;Death to the Russians!;;;;;;;;;;;;;x,,,,,,,,,,,,,,,,,,,,,,
EVTNAME676427;The Kipchaks defeated us...;;;;;;;;;;;;;x,,,,,,,,,,,,,,,,,,,,,,
EVTDESC676427;The Tatar Intervention in the civil war turned the tide in favour for the Kazanis.;;;;;;;;;;;;;x,,,,,,,,,,,,,,,,,
EVT676427OPTA;This is terrible;;;;;;;;;;;;;x,,,,,,,,,,,,,,,,,,,,,,
EVTNAME676428;The Kipchaks defeated us...;;;;;;;;;;;;;x,,,,,,,,,,,,,,,,,,,,,,
EVTDESC676428;The Tatar Intervention in the civil war turned the tide in favour for the Kazanis.;;;;;;;;;;;;;x,,,,,,,,,,,,,,,,,
EVT676428OPTA;This is terrible;;;;;;;;;;;;;x,,,,,,,,,,,,,,,,,,,,,,
EVTNAME676429;Skobelev has succeded!;;;;;;;;;;;;;x,,,,,,,,,,,,,,,,,,,,,,
EVTDESC676429;Our coup was successfull, but the country still remains torn between Republicans and Monarchists. Now it's time to rebuild and strengthen our nation.;;;;;;;;;;;;;x,,,,,,,,,,,,,,,,,
EVT676429OPTA;May he guide us into a new future!;;;;;;;;;;;;;x,,,,,,,,,,,,,,,,,,,,,,
EVTNAME676430;Skobelev's rebellion is crushed!;;;;;;;;;;;;;x,,,,,,,,,,,,,,,,,,,,,,
EVTDESC676430;We successfully managed to push back the Monarchists. The country, however, is still torn between Republicans and Monarchists, but with Skobelev gone it's time to rebuild and create a proper constitution!;;;;;;;;;;;;;x,,,,,,,,,,,,,,,,,
EVT676430OPTA;Great News!;;;;;;;;;;;;;x,,,,,,,,,,,,,,,,,,,,,,
EVTNAME676424;White Sea Canal;;;;;;;;;;;;;x,,,,,,,,,,,,,,,,,,,,,,
EVTDESC676424;The construction of this canal will support the econonmic growth of nearby regions!;;;;;;;;;;;;;x,,,,,,,,,,,,,,,,,
EVT676424OPTA;Splendid!;;;;;;;;;;;;;x,,,,,,,,,,,,,,,,,,,,,,
EVTNAME9912;Trouble in Multan!;;;;;;;;;;;;;x,,,,,,,,,,,,,,,,,
EVTDESC9912;At the worst timing possible rebel forces, supported by the Sayyids have stormed the palace in Multan. During this terrible event our governor has been murderd and to make things worse, the rebels started talks with Dehli, with the aim of integrating the region!;;;;;;;;;;;;;x,,,,,,,,,,,,,,,,,
EVT9912OPTA;This is a disaster!;;;;;;;;;;;;;x,,,,,,,,,,,,,,,,,,,,,,
EVTNAME9913;Punjab joins the Sayyids!;;;;;;;;;;;;;x,,,,,,,,,,,,,,,,,
EVTDESC9913;Now that is official that the Sayyids and the rebels agreed upon the integration of Punjab into the Sultanate, the Sayyids have pushed us even more into acting against their expansion. In Kabul and Kandahar rumours spread about sayyid supplies reaching the isolated and mountainous parts of the Sulaiman Range, inhabitated by rebellious Pashtuns.;;;;;;;;;;;;;x,,,,,,,,,,,,,,,,,
EVT9913OPTA;We need to act now!;;;;;;;;;;;;;x,,,,,,,,,,,,,,,,,,,,,,
EVTNAME9914;The Pashtuns join the sayyid cause!;;;;;;;;;;;;;x,,,,,,,,,,,,,,,,,
EVTDESC9914;With our ressources beeing spread thin by fighting a two front war, more and more unrest errupted in Afghanistan. Enraged by recent conversion attempts, even the once rivaled Abdali and Ghilzai clans have united to fight for their freedom!;;;;;;;;;;;;;x,,,,,,,,,,,,,,,,,
EVT9914OPTA;Can it get even worse?;;;;;;;;;;;;;x,,,,,,,,,,,,,,,,,,,,,,
EVT9914OPTA;We'll lead the pashtun rebellion!;;;;;;;;;;;;;x,,,,,,,,,,,,,,,,,,,,,,
EVTNAME9915;War against the Timurids!;;;;;;;;;;;;;x,,,,,,,,,,,,,,,,,
EVTDESC9915;Now it's time to fight the Timurids.;;;;;;;;;;;;;x,,,,,,,,,,,,,,,,,
EVT9915OPTA;Rally the Tribes!;;;;;;;;;;;;;x,,,,,,,,,,,,,,,,,,,,,,
EVTNAME9916;The Balochis turn against us!;;;;;;;;;;;;;x,,,,,,,,,,,,,,,,,
EVTDESC9916;With the collapse of the entire eastern part of our empire the once loyal Balochi and Brahui tribes have betrayed us!;;;;;;;;;;;;;x,,,,,,,,,,,,,,,,,
EVT9916OPTA;Is this the end?;;;;;;;;;;;;;x,,,,,,,,,,,,,,,,,,,,,,
EVTNAME9923;War against Iraq!;;;;;;;;;;;;;x,,,,,,,,,,,,,,,,,
EVTDESC9923;debug event;;;;;;;;;;;;;x,,,,,,,,,,,,,,,,,
EVT9923OPTA;yes;;;;;;;;;;;;;x,,,,,,,,,,,,,,,,,,,,,,
EVTNAME9924;War against the Kurds!;;;;;;;;;;;;;x,,,,,,,,,,,,,,,,,
EVTDESC9924;debug event;;;;;;;;;;;;;x,,,,,,,,,,,,,,,,,
EVT9924OPTA;yes;;;;;;;;;;;;;x,,,,,,,,,,,,,,,,,,,,,,
EVTNAME9917;The Western Collapse;;;;;;;;;;;;;x,,,,,,,,,,,,,,,,,
EVTDESC9917;Seicing the opportunity to liberate themselves from foreign rule, the kurdish states have risen up in rebellion. While the shiite tribe of the Banu Asad ibn Khuzaymah took control over Iraq, claiming that our rule is blasphemous!;;;;;;;;;;;;;x,,,,,,,,,,,,,,,,,
EVT9917OPTA;To be expected.;;;;;;;;;;;;;x,,,,,,,,,,,,,,,,,,,,,,
EVT9917OPTB;We'll lead the kurdish rebellion!;;;;;;;;;;;;;x,,,,,,,,,,,,,,,,,,,,,,
EVT9917OPTC;We'll lead the arab rebellion!;;;;;;;;;;;;;x,,,,,,,,,,,,,,,,,,,,,,
EVTNAME9918;The Fall of Diyarbekir;;;;;;;;;;;;;x,,,,,,,,,,,,,,,,,
EVTDESC9918;The capital of the Aq Qoyunlu has fallen, our nation disintegrated!;;;;;;;;;;;;;x,,,,,,,,,,,,,,,,,
EVT9918OPTA;Uh oh;;;;;;;;;;;;;x,,,,,,,,,,,,,,,,,,,,,,
EVTNAME9919;Revolution in Khorasan!;;;;;;;;;;;;;x,,,,,,,,,,,,,,,,,
EVTDESC9919;In the wake of our collapse, the intellectuals of Khorasan have spread the idea of democracy and liberalism in the region. Inspired by successfull revolutions like the German Revolution of 1822 and the Russian Revolution in 1836, they hope to establish a democratic and free state for Iranians, free from turkic rule!;;;;;;;;;;;;;x,,,,,,,,,,,,,,,,,
EVT9919OPTA;They are traitors to the nation!;;;;;;;;;;;;;x,,,,,,,,,,,,,,,,,,,,,,
EVT9919OPTB;We will lead the revolution! End the Timurid Yoke!;;;;;;;;;;;;;x,,,,,,,,,,,,,,,,,,,,,,
EVTNAME9920;The Fall of Herat;;;;;;;;;;;;;x,,,,,,,,,,,,,,,,,
EVTDESC9920;As the revolutionaries stormed the palace of the Shahanshah, the emperor was killed and the Timurid Empire was declared to have been dethrowned. After experiencing failure after failure even the last remaining strongholds of timurid rule in Iran and the Caucasus seceded, establishing domains of their own. The power vacuum left in the Caucasus makes the entire region easy pray for any expanionist power, while central Iran has been split into warlord-like domains, fighting for an uniting Iran under their rule!;;;;;;;;;;;;;x,,,,,,,,,,,,,,,,,
EVT9920OPTA;Is this the end of the Empire?;;;;;;;;;;;;;x,,,,,,,,,,,,,,,,,,,,,,
EVT9920OPTB;We'll lead one of these new states!;;;;;;;;;;;;;x,,,,,,,,,,,,,,,,,,,,,,
EVTNAME9930;Revolutionaries storm Herat!;;;;;;;;;;;;;x,,,,,,,,,,,,,,,,,
EVTDESC9930;As the revolutionaries stormed the palace of the Shahanshah, the emperor was killed and the Timurid Empire was declared to have been dethrowned. After experiencing failure after failure even the last remaining strongholds of timurid rule in Iran and the Caucasus seceded, establishing domains of their own. The power vacuum left in the Caucasus makes the entire region easy pray for any expanionist power, while central Iran has been split into warlord-like domains, fighting for an uniting Iran under their rule!;;;;;;;;;;;;;x,,,,,,,,,,,,,,,,,
EVT9930OPTA;Is this the end of the Empire?;;;;;;;;;;;;;x,,,,,,,,,,,,,,,,,,,,,,
EVT9930OPTB;We'll lead one of these new states!;;;;;;;;;;;;;x,,,,,,,,,,,,,,,,,,,,,,
EVTNAME9922;The Breakup States, first page;;;;;;;;;;;;;x,,,,,,,,,,,,,,,,,
EVTDESC9922;You have chosen to play as one of the breakup states, the next few options will allow you to choose between multiple countries. Most of these countries have some kind of flavour, I recommand using a save file right before the Fall of Herat, if you want to try other successor states. This first page includes: The Maku Khanate, The Adari Warlord State of Azarbaijan and The Persian Warlord State of Ajam.;;;;;;;;;;;;;x,,,,,,,,,,,,,,,,,
EVT9922OPTA;Lead the Azeri Turkomans to glory as the Maku Khanate!;;;;;;;;;;;;;x,,,,,,,,,,,,,,,,,,,,,,
EVT9922OPTB;Unite Iran under Adari rule!;;;;;;;;;;;;;x,,,,,,,,,,,,,,,,,,,,,,
EVT9922OPTC;Unite Iran under Ajami rule!;;;;;;;;;;;;;x,,,,,,,,,,,,,,,,,,,,,,
EVT9922OPTD;Next page, please.;;;;;;;;;;;;;x,,,,,,,,,,,,,,,,,,,,,,
EVTNAME9925;The Breakup States, second page;;;;;;;;;;;;;x,,,,,,,,,,,,,,,,,
EVTDESC9925;You can choose between Gilan, Mazandaran and Yazd on this page.;;;;;;;;;;;;;x,,,,,,,,,,,,,,,,,
EVT9925OPTA;I'll play as Gilan! (no flavour, can unite Iran);;;;;;;;;;;;;x,,,,,,,,,,,,,,,,,,,,,,
EVT9925OPTB;I'll play as Mazandaran! (no flavour, can unite Iran);;;;;;;;;;;;;x,,,,,,,,,,,,,,,,,,,,,,
EVT9925OPTC;I'll lead the zoroastrian rebellion in Yazd! (flavour is planned);;;;;;;;;;;;;x,,,,,,,,,,,,,,,,,,,,,,
EVT9925OPTD;Next page, please.;;;;;;;;;;;;;x,,,,,,,,,,,,,,,,,,,,,,
EVTNAME9929;The Breakup States, third page;;;;;;;;;;;;;x,,,,,,,,,,,,,,,,,
EVTDESC9929;You can choose between The Persian Warlord State of Fars, The Talysh Khanate and Tatistan;;;;;;;;;;;;;x,,,,,,,,,,,,,,,,,
EVT9929OPTA;Unite Iran under Farsi rule!;;;;;;;;;;;;;x,,,,,,,,,,,,,,,,,,,,,,
EVT9929OPTB;I'll play the Talysh Khanate! (no flavour, can unite Iran);;;;;;;;;;;;;x,,,,,,,,,,,,,,,,,,,,,,
EVT9929OPTC;I'll play as Tatistan! (no flavour, can unite Iran);;;;;;;;;;;;;x,,,,,,,,,,,,,,,,,,,,,,
EVT9929OPTD;Next page, please.;;;;;;;;;;;;;x,,,,,,,,,,,,,,,,,,,,,,
EVTNAME9926;The Breakup States, fourth page;;;;;;;;;;;;;x,,,,,,,,,,,,,,,,,
EVTDESC9926;You can choose between The Khanate of Karabagh, The Khanate of Ganjeh and The Khanate of Nakhichevan;;;;;;;;;;;;;x,,,,,,,,,,,,,,,,,
EVT9926OPTA;Lead the Azeri Turkomans to glory as the Karabagh Khanate!;;;;;;;;;;;;;x,,,,,,,,,,,,,,,,,,,,,,
EVT9926OPTB;Lead the Azeri Turkomans to glory as the Ganjeh Khanate!;;;;;;;;;;;;;x,,,,,,,,,,,,,,,,,,,,,,
EVT9926OPTC;Lead the Azeri Turkomans to glory as the Nakhichevan Khanate!;;;;;;;;;;;;;x,,,,,,,,,,,,,,,,,,,,,,
EVT9926OPTD;Next page, please.;;;;;;;;;;;;;x,,,,,,,,,,,,,,,,,,,,,,
EVTNAME9927;The Breakup States, fifth page;;;;;;;;;;;;;x,,,,,,,,,,,,,,,,,
EVTDESC9927;You can choose between The Khanate of Irevan, The Kingdom of Samtskhe and The Kingdom of Kartli;;;;;;;;;;;;;x,,,,,,,,,,,,,,,,,
EVT9927OPTA;Lead the Azeri Turkomans to glory as the Irevan Khanate!;;;;;;;;;;;;;x,,,,,,,,,,,,,,,,,,,,,,
EVT9927OPTB;Reunite the Georgians as Samtskhe!;;;;;;;;;;;;;x,,,,,,,,,,,,,,,,,,,,,,
EVT9927OPTC;Reunite the Georgians as Kartli!;;;;;;;;;;;;;x,,,,,,,,,,,,,,,,,,,,,,
EVT9927OPTD;Next page, please.;;;;;;;;;;;;;x,,,,,,,,,,,,,,,,,,,,,,
EVTNAME9928;The Breakup States, sixth page;;;;;;;;;;;;;x,,,,,,,,,,,,,,,,,
EVTDESC9928;You can choose between The Kingdom of Kakheti, Luristan and The Khanate of Khiva;;;;;;;;;;;;;x,,,,,,,,,,,,,,,,,
EVT9928OPTA;Reunite the Georgians as Kartli!;;;;;;;;;;;;;x,,,,,,,,,,,,,,,,,,,,,,
EVT9928OPTB;I'll play as Luristan! (no flavour, can unite Iran);;;;;;;;;;;;;x,,,,,,,,,,,,,,,,,,,,,,
EVT9928OPTC;Dominate Turan as the Khiva Khanate!;;;;;;;;;;;;;x,,,,,,,,,,,,,,,,,,,,,,
EVT9928OPTD;Next page, please.;;;;;;;;;;;;;x,,,,,,,,,,,,,,,,,,,,,,
EVTNAME9929;The Breakup States, seventh page;;;;;;;;;;;;;x,,,,,,,,,,,,,,,,,
EVTDESC9929;You can choose between The Turkmen Federation, The Khanate of Maymaneh and The Khanate of Badakhshan;;;;;;;;;;;;;x,,,,,,,,,,,,,,,,,
EVT9929OPTA;Dominate Turan as the Turkmens!;;;;;;;;;;;;;x,,,,,,,,,,,,,,,,,,,,,,
EVT9929OPTB;Dominate Turan as The Khanate of Maymaneh!;;;;;;;;;;;;;x,,,,,,,,,,,,,,,,,,,,,,
EVT9929OPTC;Dominate Turan as The Khanate of Badakhshan!;;;;;;;;;;;;;x,,,,,,,,,,,,,,,,,,,,,,
EVT9929OPTD;I want to go back to the first page, please.;;;;;;;;;;;;;x,,,,,,,,,,,,,,,,,,,,,,
EVTNAME9929;Tribal disunity!;;;;;;;;;;;;;x,,,,,,,,,,,,,,,,,
EVTDESC9929;With the war against the Timurids won, the Sayyids now demand that we accept their overlordship, as it was part of the original agreement. While the eastern Ghilzai seem to be fine with such a solution, the western Abdali tribes want to retain their newly earned independence!;;;;;;;;;;;;;x,,,,,,,,,,,,,,,,,
EVT9929OPTA;Damn Abdalis!;;;;;;;;;;;;;x,,,,,,,,,,,,,,,,,,,,,,
EVT9929OPTB;Damn Ghilazai!;;;;;;;;;;;;;x,,,,,,,,,,,,,,,,,,,,,,
EVTNAME410000;The Algaravian Movement;;;;;;;;;;;;;x,,,,,,,,,,,,,,,,,,,,,,
EVTDESC410000;The days of Andalusian glory are now but a distant memory. The Algaravian people have been toiling under the Moroccan yoke for centuries, and although the Atlantic ports have grown wealthy, the countryside is destituite and Africans still monopolize the highest spheres of political, economic and social power. Although Morocco has prevented outright contest by the northern Christian nations, it is clear that the Sultanate has entered a steep decline and won't be able to protect us much longer. We, the Algaravians, must take destiny into our own hands if we are to survive.;;;;;;;;;;;;;x,,,,,,,,,,,,,,,,,
EVTOPTA410000;Al-Andalus shall one day be free.;;;;;;;;;;;;;x,,,,,,,,,,,,,,,,,,,,,,
EVTNAME410001;Trouble in Al-Andalus;;;;;;;;;;;;;x,,,,,,,,,,,,,,,,,,,,,,
EVTDESC410001;The Pashalik Al-Andalus has been a Moroccan dependency for close to five centuries, ever since the intervention of the Sultanate in Iberia stopped the reconquista cold in its tracks. Since then, Al-Andalus has been the economic motor of Morocco and the Algaravian ports have become essential links in trans-Oceanic trade. This wealth is proving, however, to be a poisoned chalice as the nascent burgeois Algaravian class starts to embrace the ideals of nationalism and political societies begin to form, lobbying for Andalusian independence.;;;;;;;;;;;;;x,,,,,,,,,,,,,,,,,
EVTOPTA410001;We can expect trouble in the coming years.;;;;;;;;;;;;;x,,,,,,,,,,,,,,,,,,,,,,
EVTNAME410002;The Algaravian Revolution;;;;;;;;;;;;;x,,,,,,,,,,,,,,,,,,,,,,
EVTDESC410002;The relation between Moroccans and Algaravians have grown increasingly strained in the past decades as the economic primacy shifted to the northern shores of the Mediterranean, yet political power remained in the limited circle of the Sultan's court. In a desperate attempt to revitalize the lethargic economy of the Moroccan coast, the government in Fez decreed a set of tariffs to be imposed on the more dynamic Algaravian ports. The decree was the spark needed to ignite the powder keg, and now the Pasha of Al-Andalus has declared independence and proclaimed the rebirth of the Emirate of Granada. The horrors of war will now be unleashed in the fair lands of Andalusia.;;;;;;;;;;;;;x,,,,,,,,,,,,,,,,,
EVTOPTA410002;The Algaravians will be crushed.;;;;;;;;;;;;;x,,,,,,,,,,,,,,,,,,,,,,
EVTOPTB410002;We will make peace with the Algaravians - they will have to fend for themselves from now on.;;;;;;;;;;;;;x,,,,,,,,,,,,,,,,,,,,,,
EVTNAME410003;Uprising in Ghránata;;;;;;;;;;;;;x,,,,,,,,,,,,,,,,,,,,,,
EVTDESC410003;The Pasha of Al-Andalus has been secretly purchasing arms from the northern Christian powers for years, biding his time when an opening might appear to throw off the Moroccan yoke once and for all. With the recent decree from Fez imposing tariffs on Andalusia, completely unacceptable even to the most war-shy of the Algaravian oligarchy, such an opening appeared - and the Pasha, not being a man to let opportunity go, has now declared from the Alhambra the refounding of the Emirate of Granada. Moroccan property is being seized and armies are being marshalled as it becomes clear that Andalusian independence will have to be won on the field of battle.;;;;;;;;;;;;;x,,,,,,,,,,,,,,,,,
EVTOPTA410003;Al-Andalus for itself and for Humanity.;;;;;;;;;;;;;x,,,,,,,,,,,,,,,,,,,,,,
EVTNAME410004;The Emirate Reborn;;;;;;;;;;;;;x,,,,,,,,,,,,,,,,,,,,,,
EVTDESC410004;The armies of the Pasha of Al-Andalus have against all odds beaten the Moroccan attempts to stamp out the revolution. With a ruined treasury and brewing trouble in the Sahara, the Sultan of Morocco has accepted to sign a peace treaty recognising the full sovereignity of Gharnáta over the Andalusian lands.;;;;;;;;;;;;;x,,,,,,,,,,,,,,,,,
EVTOPTA410004;There is no victor but God.;;;;;;;;;;;;;x,,,,,,,,,,,,,,,,,,,,,,
EVTNAME410005;The Sultanate Triumphant;;;;;;;;;;;;;x,,,,,,,,,,,,,,,,,,,,,,
EVTDESC410005;The Revolution in the Pashalik of Al-Andalus has been utterly crushed, the Granadan armies routed and scattered to the countryside. Recognising that his bid for power had failed, the Pasha has surrendered in hopes of attaining some degree of amnesty for himself and the clique that supported him in the insurrection. The government in Fez will be implacable - Andalusia shall never rise again, and the old Pashalik system will be abolished in favour of direct rule.;;;;;;;;;;;;;x,,,,,,,,,,,,,,,,,
EVTOPTA410005;Let our enemies tremble.;;;;;;;;;;;;;x,,,,,,,,,,,,,,,,,,,,,,
EVTNAME410006;The Congress of $CAPITAL$;;;;;;;;;;;;;x,,,,,,,,,,,,,,,,,,,,,,
EVTDESC410006;The recent events in Andalusia have shown that our traditional enemies, the Algaravians and Moroccans, are weaker and most divided than ever. Opportunity is there to be seized, and the idea of a rebirth of the Reconquista spreads like wildfire through the political classes of the Christian states. A Congress is held in $CAPITAL$ to decide how to best act on the recent developments. A vocal but minoritary lobby argues for unification of the entire Iberian Peninsula under one single, powerful Christian state. Another faction refuses any sort of loss of sovereignity, and insists that Andalusia should be partitioned to avoid bloodshed between Christian brothers. A third group is formed by the military elites of the various states bordering the Algaravian muslims, who argue that only war can decide who deserves to take the spoils of the Moroccan decadence.;;;;;;;;;;;;;x,,,,,,,,,,,,,,,,,
EVTOPTA410006;Iberia will be united under a single government.;;;;;;;;;;;;;x,,,,,,,,,,,,,,,,,,,,,,
EVTOPTB410006;Andalusia will be partitioned to avoid intra-faith conflict.;;;;;;;;;;;;;x,,,,,,,,,,,,,,,,,,,,,,
EVTOPTC410006;The gun and the sword will decide, not a group of politicians talking around a table.;;;;;;;;;;;;;x,,,,,,,,,,,,,,,,,,,,,,
EVTOPTA178900;Make a speech among the crowd.;;;;;;;;;;;;;x,,,,,,,,,,,,,,,,,,,,,,
EVTOPTB178900;Make a speech from the University balcony.;;;;;;;;;;;;;x,,,,,,,,,,,,,,,,,,,,,,
EVTOPTC178900;Do not attend the ceremony.;;;;;;;;;;;;;x,,,,,,,,,,,,,,,,,,,,,,
EVTDESC9932;The Abbasids, who had been invited by the Mamluks after the fall of Baghdad orginally were only puppets of these mamlukian Sultans and mockingly got called "Shadow Caliphs" by other muslim rulers. However the situation has changed, especially within the last century, during the reign of Caliph Al-Hakim III., who managed to increase the political influence of the Abbasids within the Mamluk Sultanate. Now, even though the Mamluks still hold most of the power, the Abbasids are close to toppling their absolute rule;;;;;;;;;;;;;x,,,,,,,,,,,,,,,,,,,,,,
EVTDESC964562;The famous trader and explorer 'Muuzaji Mkubwa', who helped to cartograph many areas of Tanganyika and beyond recently managed to build and secure a domain of his own in the eastern Kongo. While initially his exipedition was aimed at securing our trading outposts he decided to further increase our influences in the region and established himself as an semi-independent ruler.;;;;;;;;;;;;;x,,,,,,,,,,,,,,,,,
EVTDESC964563;The creation of our Sultanate was mainly to protect swahili trading interests, but since the last year our within the Kongo has massivily increased and our dependence from the Coast has decreased. However, the Bemba from the south are a threat to our rule and clashes in the bordering regions have been frequent. The Sultan at the Coast has rejected our pleed to deal with them, acting against his wishes will most certainly trigger a much larger conflict with the coastal state and even our long time ally and friend Rumaliza doesn't support our plan.;;;;;;;;;;;;;x,,,,,,,,,,,,,,,,,
EVTDESC964565;Even though Muuzaji Mkubwa had the strict order not to act against the Bemba tribes, he now started a full campaign against them. We need to act quick to stop his aggression against our trading partners!;;;;;;;;;;;;;x,,,,,,,,,,,,,,,,,
EVTDESC964566;Rumaliza, once a close ally and personal friend to Muuzaji Mkubwa has left the Sultanate and is now heading west, after a heated disscusion about the Bemba War. He demanded that we shouldn't act against the coastal power!;;;;;;;;;;;;;x,,,,,,,,,,,,,,,,,
EVTDESC179200;Our time has come, no longer can we abide by the grievnaces of the Saxon king or any king for that matter! No longer will we suffer at the hands of a monarch who oppresses us and silences us we will shatter Saxony and free all of Germany and it's peoples no matter the cost!;;;;;;;;;;;;;x,,,,,,,,,,,,,,,,,
EVTDESC130801;Queen Dobrovka I has finally ascended to the throne,Despite her ancestor and namesake marriage to the first king of Poland starting the Bohemian-Polish alliance which would eventually unite the Poland under the Bohemian crown the Poles have never seen themselves as our subjects. Hopefully, Queen Dobrovka like her ancestor can bring unity between our two peoples.;;;;;;;;;;;;;x,,,,,,,,,,,,,,,,,